(Intercept),`Mkt-RF`,SMB,HML
-0.4590993974538939,0.8199055503884263,0.572495681980029,0.29653431988133516
0.8354217002300622,0.7292109643127931,0.6210907939964614,0.6980354818371615
-0.5843394926058242,1.2470091148514602,0.6605355244146054,0.47232051567313293
-0.09672790003732862,0.9027654369961409,0.7757101282204512,0.2368271834627752
0.1487706062057088,0.8706496079286757,0.5459204450253656,0.12913747428417324
0.47740109326701813,0.6830422351029019,1.2789638694181256,0.17785604402709299
0.4846977606100479,1.0444145051937708,0.5223684007461863,0.3360498703781775
-0.07674364852221381,1.0637341451004596,0.5885776179481618,0.22665679682803924
-0.27407621355696915,0.9269098265903047,0.6854278019249642,0.3651567563060023
0.33002112950027923,0.94902735129607,1.2080113761632023,0.555203613785154
-0.13815225447437546,0.8474538583356506,0.5822379663214651,0.5415394193436353
-0.20500110294561064,0.9678849436602529,0.9683555336731153,0.017357539725315632
-0.009299634888979285,0.4783784768935224,0.4129907249464413,0.05622534273875054
0.5516653500595645,0.8670561708504435,0.8810877508481444,0.15248773045140968
0.6284831827412021,1.0330375323752528,0.6393716934395353,0.3205403293148456
-0.1574884681415685,0.6325716115633677,0.6437953788117265,0.09206567584309897
0.7514414896074179,1.2332727651986966,1.1594126329888632,0.9134134878922355
-0.05756699670959325,1.2135991479617156,0.7783008553354841,1.068280753109294
0.5852107712077216,0.9343601822798567,0.7420447745200046,0.1893364350334523
-0.3343479847776704,0.7653003515822864,0.5313813600005511,0.3011680122018378
-0.004525662077182418,1.059794374492439,0.6805774651838665,0.40713159027216267
0.18740412631850642,1.119095696428991,0.7663635917090135,0.46717980828324257
0.23688827945953067,0.9398435246069496,0.8266099637763923,0.42277005186044275
0.08367174492531279,0.8983214133945315,0.5895405928113057,0.26037674171592806
0.04268257211631693,0.9184614088173876,0.979449608586464,0.9388351866992143
0.673288139042992,0.6904023745124458,0.3671243403892165,0.018992332654227558
-0.6269515523277063,1.2963506462963468,0.9859529535525771,0.8221337191914205
0.6028637612130519,0.9708153195075844,0.8871519019968981,0.5919203551875148
0.015491261033274382,0.9102995799301709,0.747396080152916,0.453879783440697
0.049369537972781805,0.8992786698756696,0.8227158301531674,0.5738689315474885
-0.4958202516871874,1.1141498064486783,0.2838761865651067,0.32430062298238516
0.47397967923522005,0.880679778451737,0.6963011176216783,0.468225030991573
-1.1215267218126022,1.3319843752809046,0.8617682384967035,0.8323557328046047
0.6216147023117862,1.15731598725167,0.9472023643507045,0.35912880899884647
0.16399745364180687,0.8885197442792094,0.5453272135168402,0.3864120382278915
0.30247192444106197,1.2156786066362817,0.8144782717592033,0.1919524319353109
0.01814007568325197,0.8500207138077077,0.8921807148792391,1.015036318556514
0.29847815589172766,0.6038881489654719,0.4119445136873275,0.350483485345118
-0.20358958891523643,0.8098987993319742,0.40120444368313135,0.28375406240348316
0.17557680846204532,0.9448362221760669,0.8699118719092453,0.5669184670469983
0.8630838196447687,0.9692305756255286,0.8622856821879387,0.12937215776357675
0.25354215525017143,1.1471004942600285,0.405339078266596,0.39292656079635035
-0.28149341651068566,1.1476995964102514,0.5766112407601491,0.6556939860247117
0.6948423878789343,0.7889689592381398,0.3820724649128647,0.36353756981267693
-0.36783790902582514,0.9386998142392149,0.7055773225704933,0.4929063914274502
0.34975803884925116,0.8574869654724819,0.612451335822765,0.5073649117873369
0.6937421127068754,1.2252342009626118,0.8065928679581464,0.1192426203032451
0.6262283762730219,0.6890944421698473,0.45340977569305296,0.47387150584121934
0.6963674521571379,1.128446245144836,0.8554484196763471,0.3007482299069924
0.8484510074818399,1.302000173145119,1.1191103928123698,0.5596664087793958
0.21667538870195968,0.9890582690283901,0.6599226061025001,0.12397059280244525
-0.41395808715067023,0.9230393456015348,0.5396492176263117,0.48826488100630616
-0.3845570232433702,1.1407286345116776,0.522945351153035,0.6634146946178796
0.09563064205176983,0.9851509205923937,1.2471180363864813,0.3249241582402826
0.37981440373204683,0.8688947999693729,0.7086246265961009,0.37860649580731454
0.24980534402537277,0.8730076956552917,0.7650503229195756,0.40934952391161655
1.0692648500586202,1.1257680064903919,0.8698527828770862,-0.05654668816050694
0.07309201267743061,0.790288373097774,0.6324837175097757,0.40856001865318237
-0.21007284924684985,0.8244973645880715,0.5461233744115909,0.4718750751125133
-0.18261656491925665,1.126206288618486,0.4066378856642142,0.3364869669448517
-0.29482391909241645,1.1974144511043292,0.9019654285102154,0.6480179564100256
-0.17907518323671723,1.3706822800459955,0.6570478063738371,0.7686037804915516
0.32061015037832585,0.848568094590501,0.6141141754898652,0.37398597349884577
0.3051717312826555,0.9335395713847948,0.2889751092698077,0.14065317998261298
0.4632289805290871,0.8545670942739739,1.0227174557809433,0.2418344938674946
-0.14577043125234457,1.1246948661177563,0.5803643736692471,0.4281461722272395
-0.14023997317951947,0.8818956262457442,0.7288912464580835,0.13176798819321
-0.20372474171553376,0.8611033067432354,0.4876320525810772,0.42100958328041177
0.21918355907272583,0.8739293803448952,0.1612610092214097,0.3471528806523766
0.39720380562147317,0.7858715687727814,0.8861787813683566,0.6247191219895263
0.03206239307707914,0.9695130419043394,0.5083518195795723,0.14963408130232903
0.24704514444214656,1.1258607105169995,0.5256682041866572,0.2640441566998041
0.04122375287757774,0.8447554087622778,0.40540989686416523,0.07664397853105148
0.4774404471927997,0.9671285747553967,0.7220384727312191,0.4399510836140188
0.3105816528427785,0.7729780885528149,0.864929296246574,0.23876621481631397
0.7137554410204006,0.8089674581958829,0.37298736351420464,0.035530497800942105
0.47558291475180553,0.8442824181575785,0.7193724556697365,0.11206268413133808
0.3053174129563836,0.8486785893692463,0.7748350995370815,0.36799412720427543
0.4019501588269272,0.8130745311020087,0.4932408041621065,0.4141674586421544
-0.2302030257676437,1.0951891049711067,0.9891188721951216,0.3209131894945242
0.5029399603929304,0.8725108802378579,0.5294556938812481,-0.017924769555564393
-0.12171806201331795,1.0846201246465308,0.9884849907241683,0.4077654238560001
0.45733997592601316,0.5754843682703105,0.9657224435760107,0.15637162383000208
0.017330618422001808,0.9531668214093332,0.9717252501119646,0.35864831797342983
-0.3230355259677127,0.9851185857257331,0.8294341192456942,0.25917131246783515
0.4586475163105052,0.8028612518541506,0.622889356560999,0.32018900939871964
0.6669510951974545,1.065912055221534,1.1832830944484967,0.8742167006982707
-0.1408153565631453,1.1539051506920077,0.43233876573238944,0.5336960840834737
0.6696480426539094,0.8289800878978993,0.5135718117193555,0.35174868548981175
-0.48740540643459646,0.8679748526379322,0.4138084701598369,-0.08401219571117635
0.046489015561788104,1.194736992529312,0.666094303030063,0.4718120542154202
0.16487129514895396,0.8702804412022055,0.5989502550977384,0.6754071565856012
0.36403992504073124,1.3225606908933536,0.644799484745792,0.46865335630090194
0.43740951522993476,0.5994599339978164,0.2720764854570785,0.01100097751709834
-0.34490230839977387,1.3300710952491859,0.5932094875640931,0.5737750148238082
0.13645593042419427,0.5730051138548565,0.17738905739437016,0.3984851922444059
-0.012136586355218677,0.7868916898187673,0.5800221396699731,0.4397379532874927
-0.9227052441103634,1.1992527919773486,0.748396814135495,0.3211084559981809
0.31936132369377906,1.0091490385472002,0.8855747097605594,0.6462708592393975
0.031176050068293715,0.9599102518942817,0.6497497647332725,0.5435523193635567
0.07103480279957067,0.8684176897597145,0.7126524238304031,-0.042393412934523846
0.32648532001112995,0.7948796371129154,0.4205602142301958,0.267939605557456
0.3625979795779835,0.7781028802262174,0.5835993855173833,-0.005823273146122502
0.14041783719795647,1.0820534363059997,0.901709286549004,0.521250153285569
0.21454845119268465,0.7625460138929263,0.6959233907925874,0.4481944546469197
-0.19932338843493738,0.9745269760199267,1.1707458771689851,0.2589596816330187
0.37756990986203454,0.6328415193685429,0.5875231502868538,0.29188591512134204
0.15355437147260828,0.749060199682372,0.5442470319185656,0.15177812649979097
-1.1663491732250322,0.5838353689300998,0.698455562070546,-0.02869889149266158
0.47405628294734503,0.7557803591941327,0.7147817299006992,0.5257493279845572
0.624771720112147,0.8048562026907119,0.8802958102122096,0.3796233552818463
-0.6685426319758384,0.9981394624440314,0.5706029332632641,0.6702770950563072
0.14019792889916935,0.9251886232191949,0.6367434496397401,0.20078911230058927
0.5662945201087968,0.7308723191800216,0.5489239900765238,0.40599287460120353
-0.08780136807342322,0.9512583858372811,0.8977459025533725,0.48349354180217513
0.7663009495500817,0.93094711577921,0.592595747157025,0.10528688511375756
-0.07748389479925502,1.0000376733291032,0.5950516687458118,0.34125416879115855
0.29299408425228574,0.8463403982637832,0.9228796138562423,0.5352497954990003
-4.1441569136444953e-4,0.9243932934502916,0.6124945803730698,0.13992121853339642
0.5757498790586933,0.7702609027225475,0.2205948705817963,0.24948354544707874
0.17643232436681358,1.1313798260726193,0.3431516004500795,0.5037449017942757
0.43090869070124055,0.7339366286962377,0.43151054702594516,0.29073041442165726
0.030647146784235278,1.0376604919327161,0.7833866208260849,0.5176592276842857
0.1401336277682347,1.3435737566409862,0.6978298593843713,0.12553174891567767
0.10303961281649068,1.0865378141779087,0.790488938710954,0.44539001693724756
-0.5063816234119939,1.1740206561584523,0.6832770239348177,0.004098904691205224
0.15569736218400124,0.7916660420557265,0.3525016727028464,-0.06490688214896141
0.3828423610504706,0.9003553199399232,0.5248699004921942,0.4044210768499533
-0.1274165363594162,0.9032206801226096,0.7155791162404079,0.2770118454896897
0.045793427093772696,1.2786075706261162,0.8545866078827536,0.03926881581392207
0.23938048658740613,1.2586409944133556,0.43249313665294886,0.3832663379010313
0.33303882731953116,0.976272560942248,0.5339212096714638,0.3267702354792238
0.0776473867986746,0.9043823827972802,0.4252530926571319,0.5177389899376132
-0.08904238028857989,0.8846905191903801,0.7907392893653103,0.11184182954127968
0.2867097976540406,1.0195143598102627,1.0169099970389612,0.14603263927978632
0.027533573465137788,0.857425802674913,0.47879005862141155,0.47259059266982995
-0.5994599794604728,0.8977076981499388,0.799277719980395,0.6549970743143545
-0.5070057369435781,1.28548796579783,0.775393127485958,0.5445231768351085
-0.01755001790441413,0.9003977125473233,0.6510682674550161,0.17029481839320124
0.23055850013707538,0.9954305604107606,0.5308542561731984,0.2858137095743843
0.4045630430561789,0.7174761900929618,0.4631118448380575,0.37210573521561124
0.3343480505870592,0.7026729131546746,0.31472724530163104,0.27997958475496476
0.21805854706423705,1.2597154121438734,1.244093313212767,0.6017541818116657
0.2093017434828696,0.9821371662912383,0.5276497437307714,0.01881373457453266
-0.37356084566351216,1.0113953090091592,0.4424990963487532,0.45860662704765093
0.74417858527749,1.072908767062526,0.4487295593049979,0.4650804671461658
0.19523757538627895,0.7720726481781235,0.5272458237957721,0.26125326043414276
-0.5011520249004544,1.1511386685350888,0.8799169371258545,0.6714401433559911
0.17784630337651258,0.9161674116435056,1.1131969309805634,0.19994411246617402
0.476792554396775,1.3472177840415098,0.7595312101247891,0.5729662733674739
0.0570518346932099,0.621153033507197,0.3360378016504528,0.18800944980888973
0.3041944891453229,1.1152049831954687,0.7660556720232493,0.12625016943569264
0.44892141310946687,0.550218377653958,0.26559093995169974,0.24486785940966463
0.4787372335933366,1.03401018751933,0.8039193178279538,0.1692896568687259
0.09251296347084809,0.8002089106008379,0.7280377068093388,0.5682966173582346
1.1227648689557495,0.7797190280852088,0.8691147292722737,0.17512288235130494
-0.08667512160380784,0.9318150601806514,0.6166294200900323,0.31685973862297434
0.5410709012834195,1.0482957742246037,0.479860235330508,0.39277676497137803
-0.5908157190302487,0.8907227466105605,0.3345227107680314,0.36006191825877487
0.06673879972048113,1.1192359501662161,0.642181978832507,0.3068070449905229
0.41584453348762856,0.8034367011751333,0.6679383275861663,0.31442763191983075
-0.15229499816894562,1.1282779513432766,1.471061620131804,0.8264154738319688
-0.2223643074109669,0.44741498555132514,0.6302327402217186,0.26091598193203525
0.3939778009591816,0.7877547153582941,0.3758590115979638,0.1067281071451176
0.18814843212387053,0.9488910851981184,0.7943754085417235,0.5887296611842474
0.3805165610085818,0.94903679299624355,0.7556294171014761,0.5087347098890973
0.433820729484013,0.6887458413663203,0.183140553674873,0.17374108499846233
0.1532482677553979,1.0964158326918072,0.5385314997065556,0.22303829511960394
0.5681403171925153,0.863331967875757,0.6949384784135052,0.2548977542615294
0.03072270194224928,0.9174961198664064,0.33796243225679024,0.28857478054729135
0.2034012367112638,0.8898016873154652,0.3368781206744925,-0.06850760428169414
0.7503985442549932,0.7352257623889623,1.1524916699481222,0.050361830206660976
0.6034967162613207,0.580511629533165,0.9776811376191481,0.1573327377957077
0.30790236299360507,0.9719896503563772,1.062334898634627,0.7209133586697296
0.3853792944902125,0.8713648890829911,0.5238450698041157,0.5044628775704528
0.03953522471138345,1.1258156451597825,0.6766487321073242,0.658230719397747
-0.18417893509913308,1.0098667356005833,0.6740994608710383,0.46118776884420726
-0.13085266913419807,1.0402833288978783,0.7208388437273755,0.30917453775300774
0.22574851419326336,0.9086280825622948,0.7691761586509269,0.3694214970998503
-0.23467685469905347,0.9203503182029394,0.9610076551468167,0.6142156659507622
0.8420318736560305,1.0623573870052776,0.5090461110999039,0.15578815385941508
0.042098640632983006,1.1322992007076895,0.8460963071255735,0.1670963740433805
0.20128437340381447,1.2310858437768821,1.061975364632455,0.3942977305974314
-0.06454430062423618,1.209740957702003,1.1979536578953238,0.2796407459834442
0.33852297048802077,0.8298967700190638,0.5795742290384782,0.3453037317334733
-0.10373732940362926,0.9109554387016672,0.3751674411391442,0.4102945491815351
0.04064479438034333,0.9738134984789617,0.7840664562636567,0.3758905748882543
-0.10955684168286584,1.0841769959476142,0.6550424592709616,0.6444820047479901
0.6141611396329298,1.0567571095274768,0.5151088272953068,0.4206127351525955
0.10595530600026791,0.7618347142898675,0.5371227561116196,0.347672736359851
0.15693278538944924,0.8470428595305638,0.5576473277984031,0.2779551268018614
0.08231785204891388,1.0622658838677619,0.41701212158947587,0.4092105037201528
-0.2155902152645894,1.0470337120178763,0.7301229363055491,0.5021478331172672
0.1042083869228128,0.8677717350985477,0.5118807908807224,0.48592141702119857
-0.39090111017738594,0.9071144740356474,1.0160150240377377,0.011138581844292927
0.45667762875587,0.7409898066883377,0.669869571486778,0.22709609585512994
-0.3509517336035765,1.114061509760719,0.6989416715768559,0.4016315823051936
0.24325984458680572,0.7755618450070573,0.4952617016598641,0.4064321838265135
0.22661763527088558,1.1291761316152578,0.620103512141158,0.15968509290300836
-0.2670872523113502,0.8263982201572314,0.8607044053929088,0.3690186765081017
-0.41799910400263035,1.0973648163596363,0.49515712503325365,0.35445244199877507
0.1992711819968543,1.089485306407289,0.8603109298271658,0.7644612588046176
0.5185181508265476,0.8915869493940772,0.8478975714165332,0.375768357309439
0.1570590444620531,1.1245060478848545,0.8041365850492909,0.4195311812864588
0.20341336525839307,0.7737271924894505,0.48736352923645593,0.44602661412136557
-4.6019575211165145e-5,0.9383535542224768,0.9480670359249387,0.4693565750096121
0.30400239611549973,0.7884952891432976,0.6896808861400594,0.29272421453784325
-0.3962127038376656,1.0178925977732145,0.8227357879710976,0.12846517543810743
-0.14273895379365584,1.1413824811291915,0.8381077729941098,0.8130049831011336
0.4536121029844674,0.9323116751849045,0.5581864521433222,0.3669506758492918
-0.2840617464272338,1.5882911488577274,1.5559345419870623,1.7126924355550057
0.28246121666511587,0.8453722163098379,0.9526046397043307,0.766602365430784
0.31584402435431,0.483860547622743,0.8314611866948344,0.7399165817489118
0.910346371556303,0.759034021150146,0.45104685579877135,0.23410697453594656
0.03485866278870651,1.2286981269854218,0.5436737699799916,0.07404959639310789
0.22740597768647666,0.9220774550822136,0.8165512395529089,0.08053746147856526
0.30889448267516295,0.5305475899482038,0.3494449938837346,0.4113829500354054
0.24853142413801677,0.7748177220610135,0.5125099377145678,0.22246504608767892
0.9680644464964199,0.9354153915988451,0.5977133774857882,0.3178749594104485
0.6580196135465869,0.9124483913839364,0.20373020986110024,0.05791243012529265
0.37277138708236907,1.037469183187641,0.5710423583055977,0.1488959970502608
0.41307822443634423,0.8721330935505287,0.6872073338415889,0.5618375245382352
0.18176321466320325,1.1498791199487755,0.8830470600061637,-0.14799642714016484
-0.09164248982639638,0.7726265993779904,0.4001947194571712,0.1621914134752091
-0.5264364337314764,0.697746543849634,0.4664841540017856,0.29303227904400986
-0.44689572806734723,0.9791835273191961,0.4185993939395886,0.7916580734619503
0.27552293870791555,0.5006058302557946,0.8347439723606034,0.3876466030233332
-0.7680071375196157,1.314216519459467,0.6271095014410745,0.04798447314858791
-0.21011419850348742,1.381797939870469,0.853839565291422,0.9012340128705284
-1.447576271809175,1.187405091966566,1.0245795815440883,0.9463927615877867
-0.2329098825517605,0.7369606954747361,0.8238281744032323,0.2195257663753238
-0.043188261910765254,0.6692469270823339,0.3260436834503973,-0.009881494669754616
0.4875994892835309,0.7967670318370125,0.4826128534114725,0.10291298892189471
0.09325806580804644,0.8972214574016922,1.077677565704526,0.4864219563847408
0.09889497003514743,0.927169521817488,0.9017187093825886,0.5666614342258646
-0.36404312764763197,1.0486199193795755,1.1144410555791406,0.6131217231958995
0.13378228483828747,0.7842633267939809,0.4111701042520847,0.4173990433983141
0.6222432442335621,0.9083500914081855,1.0628023577552737,0.7671655212420441
-0.1010013554092576,1.0009437332300521,0.817815744453437,0.46194407453159997
0.09955368816819934,1.01705168162387,0.5932215076730161,0.7722791299783847
0.37054694959313766,0.7491650463266528,0.4453334541984118,0.22828999262945987
-0.22575318809743677,0.6588032812409317,0.9881675112597923,0.31450977159401333
0.12401917541260775,0.7664482222827149,0.6579615098503296,0.42513008238912414
0.6849624355365336,0.9472153037657113,1.2382025390726024,-0.07558051233411979
0.09509022061007986,0.6810895758636326,0.7390912833205248,0.660641298838112
-0.11797850142441227,0.8691880919649896,0.33900082817529636,0.3216791711330754
0.3300486984981234,0.899246229871457,0.5758519312723843,0.458558946402238
0.08721118319588693,0.9674438296681755,1.1558223342224965,0.3573335987412766
0.7575833710702411,1.0031949681104873,0.1076710010278867,0.06110421861926219
-0.7715656561728141,1.2853327162973558,1.2738711290346223,0.3993311204115861
0.34057186872516426,0.9108331221600133,0.6215040125877725,0.47144026972857017
-0.07488013274704408,1.0117357971438796,0.6068846223590757,0.33538212539508533
-0.6267485745509624,0.7485752207956003,0.29606437982322,0.08848706997174301
0.04961031953488081,0.8528229653903603,0.9037930741035529,0.06250524584419997
0.1270353666969879,1.1881899881011821,0.6344792364579593,0.328716170057639
-0.05704410037677356,1.2494845742680205,1.0299229648330661,0.7055144222361532
-0.026906155013680613,1.1351420086412967,0.7429769095299733,0.4877449433866198
0.14870017460954216,1.2211644952703546,0.9224614095310905,0.40265814053674903
0.830478974221837,0.7504325177242662,0.7535485377715796,0.37639889647127367
-0.15693445461550923,1.0522986524495357,0.3901364450536657,0.0903299894117835
0.20292274621377127,1.004307404934744,0.6465449493256817,0.4357149443097351
0.36363999259131363,0.8575934313407084,0.7353462488691987,0.3839084081640213
0.34149835466235623,1.0152200117676584,0.522875583510561,0.4799130102966696
0.6135844475210231,0.7876990628625112,0.7883775643627892,0.48320201737824514
0.07975994608516895,1.0526552539155787,0.5103315037681576,0.4167614419811487
1.0895306419206732,0.8827045428484932,0.9506215682116977,0.4405262689977203
0.22317795431345325,1.011616945070568,0.24953806553273902,0.23935375856146562
0.0909127270996114,1.0292096291409516,0.8963246388141091,0.285812666732264
0.15695879844512414,0.8941663572099211,0.5913966198396662,0.1147420112277579
-0.12148531526150919,1.1263018745646796,0.895884874555182,0.8696840599574724
0.8440551067777596,0.7438108039818784,0.6917772658542611,0.22193113498185638
0.21093936630140872,0.860153387231251,0.30422295886954154,0.161977565794762
-0.21657009754894674,0.9285178898296564,0.7293712263379215,0.483292831805396
0.05371174178930911,0.9469642068421135,1.0747400919584063,0.29240842098020375
0.4259203914078556,0.6078947884609834,0.6446290512252573,0.48798809672320753
-0.13784200716732317,0.9331866884021153,0.4418313947504932,0.28744374697568426
0.014895914145977462,1.1315850967216017,0.8508915122429327,0.635201270096877
-0.18752875126853388,1.0645970271029699,0.943466882201567,0.3797154449547102
0.4082293203107434,0.8758613333661124,1.188115060777196,0.39940659869644496
0.1085129485540692,0.8291600772600612,0.3854377580796065,0.12716492688649833
-0.0669056743665632,0.8208955779576419,0.8646826727009257,0.28375376397951096
-0.2358117744831947,1.2137733285859504,0.8012454889668857,0.4964891018730667
-0.002230097969895935,0.9335932677663309,0.3693025559412411,0.5088287684549536
-0.005387707768280751,0.8212580866929613,0.43543154086659697,0.25733205776645324
-0.34485632625295853,1.0593617589824704,0.766507706553586,0.3760045778764113
-0.09365550957477323,0.9471466134356786,0.3456466903688759,0.337495259572864
0.20757166404381094,0.8495392063904709,0.19854127250736217,0.5222961925583693
0.2551945792463243,0.6728011677576976,0.6597777301561458,0.2807295255564709
-0.19246964984431728,1.0027640732941403,0.5162729496116991,0.3405794268147277
0.7667860840581374,1.1146444948933647,0.8809140398983454,0.6370975475864543
-0.08649644390060444,0.8811109409190588,1.0065381859578548,0.28734092619930945
0.6326557881210377,0.8875285574981822,1.1519696749101935,0.7719032898652529
0.347620686889876,1.173022646501885,0.7517227564100258,0.8299124858930911
0.463733347390496,0.9670942796082709,1.0495730263986753,0.2464758333139909
-0.7347382914438393,1.1454038744902728,1.122576763198588,0.4208518228020234
-0.3859088477502789,1.416811939954466,0.7029835129524892,-0.025840805816477495
0.2943084853662421,0.9187906021428984,0.4987900440655644,0.020329895770387213
0.23094106274006412,1.2961422668875595,1.0764798243146727,0.22379570337354265
-0.24100563678840825,1.0747268676057813,0.6074318855245925,0.3853278188286958
-0.524305301306864,1.0065527245332007,0.507394719425281,-0.20928532359616503
0.034083343448868646,0.9315910701459313,0.5157686925448037,0.4357544195923569
0.933421607153902,1.1509629464887583,0.8398037085021197,0.37811180105602044
0.3699007269260799,0.8524824919072228,0.41405977689272094,0.3195491315862183
-0.4558128906582405,1.1025081134131505,0.5516324592394263,0.4954535724978404
0.2852122097414799,0.8105719580962512,1.144656625520546,-0.10597191025959737
0.6381657244688513,1.1700513308450855,0.710459720318632,0.8963272481424832
0.41194823989146684,1.0784585724905544,0.5453120241216816,0.3717446260691118
0.48738657044725214,0.975687390856772,0.4182814520692978,0.27942930198067023
0.12699021968126414,1.2196162981915581,0.8814373088012302,0.032416170791441615
-0.5204983448707445,1.0625632239910592,0.20885888300264976,0.4724286979394374
-0.3935820433485423,1.1249713324280435,0.5296555419726743,0.5084345307878663
0.5702083558834802,0.8926856366672373,0.4380435752175601,0.14783428250512737
0.1550201093672779,1.0757618393636847,0.8017429910103997,0.18269008721289745
0.34571414913840737,0.7983145412663588,0.8106186499525753,0.002953698470363914
-0.03732308347246685,0.9882600705209471,0.5923740705429676,0.5278243077395096
0.34617448610942414,0.9448714922454975,0.7997800771594231,0.42916316055232034
0.12380466411292454,1.0903309702595003,0.6982566965964125,0.8677438868770289
-0.39323459402084654,0.7860861724013568,0.28991343378783624,0.14214731924715607
-0.5707635125044604,1.1518894583271855,0.6576768691522277,0.6242170326938408
0.2479197978209221,0.7526403454146959,0.8197517623480329,0.24493839141063564
0.18084922011962326,1.362706098589019,0.7960208417382987,0.9703591514933497
0.07599908437612475,0.8713092907826687,0.18698546533870292,0.007728049867192834
0.2147644450226224,0.7484326109743901,0.45238940166976416,0.2314960024044217
-0.11908123249649699,0.9667542983954115,0.600464494454661,0.4726777075572963
0.3765480113343459,1.0423420991120536,0.700098832257497,0.40537368692877446
0.30623456873134985,0.6259449256045777,0.5851846847993211,0.14577206308950127
-0.1374360545821235,1.1955216753986935,1.091063680539758,0.5520107063536185
0.3349088120055016,0.9058366483053252,0.4493581155664536,0.3143716831230673
0.9111859294305538,0.905712649963962,1.1541014469136195,0.25754429296967496
0.07098394822152618,0.741163472006557,0.4488284195857078,0.4204422862996489
0.18333369804517136,1.008282209947834,1.2135137027152718,0.5077159857845238
0.2284385658359408,0.7185100904494853,0.5366359618831623,0.3618526728678776
0.2187127182649532,0.6508221795882878,0.4890138340919049,0.3080530660071495
0.4659432801005401,0.9084842735892211,0.8245932846910036,0.30251273028631614
0.2733482674578518,0.5332307295164931,0.5372795933003006,-0.05891299600892618
0.04227826392459306,0.8267387315329698,0.4360083856916661,0.1482426060023551
0.22592755451559954,0.7240288772487481,0.24891373708813264,0.40541177001464473
0.732880384530789,0.8870302858577785,0.6580128462099314,0.281257860267317
0.2480446353910286,1.145114678295683,0.7897078925985549,0.07312465903618011
0.35278212107556883,0.8445208942165744,0.5897306767013354,0.19740002827974829
-0.2949613431746487,0.8554800336206151,0.6029566025222499,0.39410653294451736
0.2015700719811153,0.8472084581231818,0.7742454970215945,0.19675028529363073
-0.2173411898386289,0.8681881246335968,0.9928105756586602,0.26118712555540646
1.1093633404387426,0.9631313949767271,0.8868872049429815,0.2825740708996747
0.22518753893221538,0.8828214520067249,0.9034768333393374,0.25388179315092363
0.2293611391524154,0.8755197211516325,0.8513643606549921,0.3101294646932308
0.1464425553574423,0.9334495149362458,0.5921519858567525,0.5223337240634569
0.34777920752152364,0.856572786844683,0.57163803717934,0.2965922877560115
0.27107956591081583,0.9403917086244582,0.5484786786341116,0.418120807899696
0.7227715917160273,0.6508575272301322,0.5244911899795861,0.19779786010325623
0.047549430350420606,0.7778392018591641,0.49875378084659466,0.3246579813607254
0.03519293193483963,1.137883491452606,1.2244346729315718,0.06800019957331946
0.2662680020603585,1.2662076637670672,0.8849211181216401,0.480069292833782
-0.59035617078659,0.8739359040105448,0.7569859738428241,0.26440191246737565
0.2992485257112715,1.0207527607073585,0.6700980725654958,0.3085468112692895
-0.03294054822087601,1.1482594328327105,0.7462042850822245,0.6257203746948323
0.5328849248408313,0.6432042390548827,0.2082083873976206,0.22889448949433255
0.5518943281901757,1.0154699649072543,0.6004619769505591,0.2813148935037903
-0.4295805140071197,1.0023905296685058,1.0303302127943046,0.4067028388386233
-0.4663509236664871,0.9903224559929731,0.7583614847000303,0.781579325305532
0.41388695005543547,0.9776772737713157,0.97346351932184,0.3113385690006896
0.6208349306030169,0.803173747989897,0.8256264590904783,0.17515066594721823
0.725411680571986,1.1091044715815859,0.4789411272372568,0.2858793639762992
1.6641172477880872,0.7101198497925396,0.8822102540864842,0.15517933700423495
0.17138566620747833,0.9650653335765875,0.39711163847313435,0.14250569802662544
0.5800338586628442,0.9295697565100651,0.8166736570875253,0.2710701298638412
0.7957209462425981,0.9583401706215534,0.8780890443131294,0.43084084427883257
0.24516018807932577,0.8973225457439741,0.5859957566837922,0.6820266914851358
0.39751348822145344,0.9435861267007256,0.9084284496758539,0.36050355956047625
0.38577261846204913,0.9279838229273765,0.9085606101970736,-0.36528105479499456
0.29315990043142937,0.9418660159021949,0.44996458259173294,0.18519359782104117
0.2795317520713611,0.9570230910403016,0.6779293143698634,0.4135242918377366
-0.052607381778999436,0.9726371816116967,0.6037020388920363,0.13301815285412005
0.21331540768169355,0.7000446131608803,0.6987529243723596,0.45772223879961466
0.021733849747832244,1.1192296278405567,0.7326005907366595,0.23263883067428728
0.3097194935521178,0.6714114022785419,0.616295787873632,0.2663982538611922
-0.43958956773124375,1.048357833550657,0.5661849962472867,0.07907667507857255
-0.633465341317696,1.3618943927909208,1.170430820670908,0.13446529990941022
0.6228862015264759,0.9566912830067773,0.8747999339648435,0.5401858100001624
-0.08850292199569484,0.9356196015271593,0.7605593690981653,-0.041763115244683555
-0.26399590110874727,0.9333915436672332,0.45665304918231525,0.29906268523587054
0.8903772629306178,0.816185273285919,1.2367990281336365,0.5734490437937515
0.3895433049732082,1.0364037866791214,1.2887622080122183,0.17733463187506202
0.3146400133051279,1.1257876578790886,0.693159228668439,0.5292692593041309
0.3592430942289836,0.9655676300873426,0.3461834920709923,0.1733522752376739
-0.4094605789703374,1.0547551695171273,0.8902806340844851,0.5141691050654553
0.10155102939849041,0.976762922471571,0.32854266270299787,0.36738197242790216
0.018567316461105866,0.6981174146158943,0.3967288108017735,-0.12317241231158739
0.2501347580275837,0.7857163053149735,0.7044392809549573,0.4458651318871229
0.36903789132018816,1.063039658439795,0.4190766897543837,0.4702418030124524
0.2696156503298052,0.7930791550164518,0.4997947009389614,0.4634788517004267
0.021342141953246078,0.9726396251087732,0.89228836776822,0.15487584218495218
0.45692132190788165,0.9101223130170505,0.6004964242059789,0.3954125603716932
-0.07046703225839568,1.0548055131635687,0.2156970483296288,0.09930389511033733
-0.34994328337640485,0.9454871389000624,0.5659493802413368,0.3811136565245858
-0.08969970145195452,0.9099698226789938,0.45687892565208477,0.296902522911698
-0.027123371257202527,0.7015414305703935,0.8138668161798902,0.21662382307538688
0.37072915440898657,0.9960524051553319,0.7079148201389441,0.36958406884729295
-0.2529985618017316,0.8810637453159549,0.9533257753799841,-0.0232679743539214
0.1445099144946292,1.2427253875164714,1.0435659318780657,0.7347560568431242
0.328890411920841,0.8153869443955944,1.1525809471978028,0.474764030480566
0.6309869624087241,0.8900564693065828,0.025890107472262357,0.20756158632914135
0.7391362317255844,0.8622670242568387,0.5246575384526413,0.44125402661344276
-0.06022609724376678,1.008238798361764,0.5475954729513758,0.41924657542637195
-0.3816299079123871,1.2352644835780457,1.113475978455835,0.8413168482237288
0.10900387958017178,0.9177857534526187,0.3917358554238151,0.10914297846822794
0.4349920861469931,0.9491567157135324,0.8437863757243519,0.12495998583891026
-0.38438851367830335,1.1494740253797988,0.44457986379373243,0.2525934809516345
0.6402705066289539,0.8748693377514859,0.4576649430054853,0.41808149163865216
0.12287756156257149,1.032787762255478,0.3753312280251085,0.16668675516010764
0.6165407098973252,1.0200380947500274,0.2000819462109445,0.18458905010001622
0.09830935816371042,0.8933338450777946,0.6804268977262237,0.30909860228581154
0.7942774308188845,1.4407703512931862,0.7601113212568942,0.5192386471530436
0.6764897073329257,1.1374860004281202,0.8067058412200959,0.45408523013868907
-0.007022394513382847,0.8118920874122141,0.129127040560679,0.3402898360524234
-0.09105486849542029,1.1156168899884766,0.6334516193141146,0.47705624014179493
0.1964218021453838,0.9381432657196617,0.4329818390722269,0.2896079949659806
0.8289953638216833,0.9209964402662959,0.6113653910320314,0.22359253159293282
-0.1520862202597386,0.8604164506896184,0.1149828024498774,-0.12221705883716281
0.444344582848626,0.5847282025526891,0.9150210253817973,0.27531239102863425
-0.37421572063060304,1.0918291140477383,0.1823291655061504,0.44435967545629473
0.4548705031746193,0.790424541955262,0.12063985802398264,0.31352468297245834
0.29724553642406293,0.8568400200670838,0.641297042531097,0.5182978807673644
0.6649262449599002,1.0194997491221085,0.7606960475885677,0.42132473072504806
-0.06092255918743505,0.8838816835128553,0.7784702823043558,0.3254396294260118
-0.6883414598566612,1.263626198027551,0.5310347692885482,0.23975357968215488
-0.16147765129944072,0.7537588986546306,0.22248953078682251,0.26674691877449686
0.30835183642575714,0.9523928912054771,0.5498279835308405,0.33916864400008206
0.6499777306434575,0.9961970961079637,0.9383128042036544,0.4738672704776962
-0.04668203267630956,1.1449300139103455,0.4882559536572602,0.2047583141257916
0.7122549900500432,0.9851794684202428,0.7592085813702535,0.4462016914344134
0.01828990197020018,0.8762549961116429,0.7095997541906489,0.5369214322194902
0.1058485302964696,0.8473849406612038,0.335424979404317,0.1253799443464345
-0.45653282833190717,1.1591647073800788,1.4114914020541645,0.8529938115128445
-0.13217356770024996,0.8371729345917545,0.7738664587223985,0.4032303724857067
0.42010235569154036,0.7723300902142624,0.6833338220455636,0.56633297679632
0.4866021459047448,1.0466319984196832,0.8298161100138518,0.6640595129794666
-0.2979915014661972,1.109864774005665,0.8430468883846792,0.3960319253231945
-0.042442417241642445,0.8906848704418833,0.9469356437928093,0.30549475836016043
0.08284547122463909,1.0629793198409991,0.7535285842284962,0.22061930109389397
0.1505189016474768,1.016064698973788,0.9062357636456406,-0.05423693942609911
-0.41029387482863267,1.123333652877364,0.8279934469645888,0.46599937306072076
0.19655853398698298,1.3670430270207852,0.9582908733032679,0.7792108283500657
0.71791970196614,0.8883014248852767,1.4600584369411866,0.13200737823540762
0.5369947490984394,0.9378728229951375,0.7526256115170712,0.2812559204473393
0.39342959753006457,1.188332851674634,0.6470588890812521,0.27127857749699164
-0.7496274716119351,0.7828106163813732,0.8180243206346496,0.40320501994891644
0.6402612267377563,0.9057753689122495,0.9302674063158257,0.4082308441105391
0.37242750494087723,0.8480260534676626,0.7426262802402708,0.7267228861052413
-0.8653420254911123,0.8772765071531841,0.3874727381052344,0.6129647411688194
-0.14387179493730654,0.840674396658207,0.6491579450101019,0.42042952962307406
0.06385177353714577,0.9472169339900692,0.43341272839316997,0.44316983871440685
0.024241325167339543,0.6883617780669917,0.6781189716927536,0.3022792038381403
0.38381810743551004,0.6533884238289975,0.4954891148806538,0.42740930514318265
0.20349023816062425,0.8656512556963849,0.3405923324160455,0.3000115911066304
-0.5674406725417581,1.2614203513306577,0.5605984175355212,0.7014340078448638
-0.35332731298051884,1.0409811127505018,0.38966562088923007,-0.24587916546329888
0.7601627444513323,0.842117362704339,0.850443115769255,0.7749891280682696
0.5075411190857076,1.0547381703649925,0.5496966813063269,0.4354237865019331
0.19273713410729945,0.7988588356893177,0.9135892180358954,0.6835659362488365
0.8355652857658561,0.8205525506540792,0.6444829482605913,0.33928437305775067
0.46610072529053936,1.0841172910972683,0.9426825848431751,-0.02299415634557911
0.5568323771472503,0.839736410604165,0.9988312020656861,0.3249131544647811
-0.2651846324094527,1.2167922726390823,0.6132188133522265,0.1857344978368587
-0.7674135555224747,1.4068250732337435,0.5299037244425351,0.03706213096742521
-0.311344243521091,1.0798384424053495,0.5459774930595144,0.18577058933060225
-0.2050304666996023,0.933320833710663,0.5667992741162334,0.3488499088868729
0.07496828709744185,1.2892429110552566,1.0539744928689492,0.3436296071072913
0.5249198441579069,0.7891341564685805,0.5476245091433904,0.4794887512265001
-0.3425905078794602,0.8427926884309215,1.3633626226302322,0.5494384030962579
0.31090256167350433,1.1435635019746235,0.8316598693630879,0.16697409281365336
0.6774761471288163,0.9787055210190271,0.7529708593294511,0.7848321686906558
0.6996901539208035,0.6274971510277131,0.8984176534025932,0.15455029202498602
-0.017592747070374178,0.9120754744093593,0.3031595374199856,0.4181418137930781
-0.1956168189718981,1.069629369697407,0.9789674300125617,0.42091590443315663
0.11543283650695589,0.997720772084958,0.9830806346182263,0.23974862619775
0.5219617186660075,0.8426553890607452,0.899983330328189,0.2636906357478691
-0.7723627891553756,1.2360880981312272,0.78328684930938,0.5294525203100172
0.7901886759437443,1.124143715918851,0.9828314742313865,0.226133479761111
-0.3866790796831034,0.8797297713534667,0.24472646058198597,0.3933878678889962
-0.04256779675295575,1.1658592882310508,0.8533788409023766,0.5955882761032995
0.4230591207149604,0.8704928926016189,0.8502285097381109,1.0544899509433041
0.3795951769926386,0.8095090048902824,0.9106840035695924,0.6535332310970434
0.8847318592667109,1.0343202674551122,0.9893356320987629,0.3592335712803111
0.2693746823509007,1.1992896056457472,0.7727194336595791,0.6245788905202339
0.19781512877745122,0.9011989790690154,1.336939890685028,0.3528823458989971
0.8190686557840721,0.8381589738175996,0.8857293194969009,0.14424515033495858
-0.817238748515789,1.3921131664217539,0.8331778146570926,0.221783963213949
0.1654964131419496,0.9028776323332653,0.6330593797067632,0.4026110922203231
0.25613470387872384,0.9970689846405106,0.47914959337015645,0.1535792945978395
-0.22071500348436512,0.9382769916556601,0.46826071169595823,0.5806228144378043
-0.4113575519385161,0.9298758610205787,0.6441398444066705,0.5163079370646542
0.5292779363219624,1.0226580734969561,0.7835144712584978,0.35842317943890906
0.4561066968500297,0.9307787478641272,0.8447740752408927,0.6245036429077891
-0.13957355351811543,1.0389009252705732,1.1676945751487147,0.14465578354502256
0.26017714896985994,0.6315977733538756,0.10644152848273772,0.16129673963896468
-0.24869447953488408,0.7298935981653888,0.9166405838301374,0.5939642243546033
0.5199379942217519,0.8558983224691313,0.3913954335690513,0.33160859341367954
0.29447538033749454,1.01451048253821,0.7683010554034703,0.27680399230271646
0.8982953765898857,0.902009453457925,1.128068546549072,0.18209263988108074
0.25203916556134753,0.9222689651719377,0.35954370367040206,0.31010668444220757
0.6055498577113906,0.9505096605614666,0.8787837968976767,0.06671662366967389
1.0318371286418422,1.113307961926538,1.0417374289539232,0.07161855860816918
-0.8495085693259596,0.7084033768467765,0.376267378155316,0.28196367567947933
0.21156844983217332,0.8615649941269039,0.8206112936356456,0.8362169960599063
0.41772255261121216,0.7959850073232737,0.6982621074466128,0.3424619598609025
-0.14450779648357667,1.1738164461498435,0.48824367309543715,0.5626760895276165
-0.15381371927910453,0.8309169373441709,0.5984753455000672,0.2763386235742933
-0.2574104540228775,0.6167789382659611,0.6747869847302407,0.04089886112815082
0.03346127443825661,0.6827548090108002,0.2547683756570304,0.030066722112316743
0.05534939431789753,0.7129819242886338,0.6261556489072617,0.5464446380274034
-0.23327278275064434,1.0803416944330761,0.6962244600225833,0.14576302323195725
-0.6940259074574271,1.0327384568161513,0.5560806153721707,0.8083245417367905
0.2176832186798646,1.1258596897629511,0.6246363634525196,0.8235353796232711
-0.17681712073864495,0.5650745593672116,0.6057223453160225,0.0395720224832008
-0.27006257382794185,0.8842912606245437,0.5834383808257234,0.34813313134195417
-0.07742189867829803,0.792493039637783,0.6423115533896111,0.43456407786274714
0.40697311494783217,0.9524099702922924,0.9824702001096185,0.15754606336515106
0.2975086107882724,0.8211646077114592,0.35897719401908856,0.37450082067961477
0.7176750575493349,1.0957268904112443,1.176159774518556,0.5234692956513012
-0.42293083403815374,1.2398585424865418,0.6648351708939912,0.7300770786833738
0.10050611434090581,1.3136149684114113,0.3530625299082295,0.23285773221933048
-0.07817999677062937,1.0454314966270906,0.5903826468388192,0.44666694001495605
0.45247218095563435,0.8735411098014393,0.5658426210662433,0.12757486686105524
0.41921757109626456,0.9957776103664626,0.707770884026153,0.43034463599959777
0.07078104143816558,1.0639237888783113,0.5928066861166861,0.2600441367814009
0.7651275574997349,1.0478160660408993,0.8537095051982199,0.16325206453547939
0.2958384217144369,1.2632165934895085,1.2641964351841863,0.13875818123355005
0.11703482181769038,1.0683345427258213,0.9649747859931522,-0.020849772610089374
-0.03347577381507095,0.9472652077654715,0.5311862434782777,0.2199603089618407
-0.4395602480767624,0.9750576097235242,1.2187753286639154,0.7696607810095971
0.20849573146719302,0.950453320920907,0.8479955903230378,0.23639536023595634
0.1426499349720132,0.679231726259912,0.10373939885347803,0.0024567236518202285
0.5812010340521799,0.5610594202191395,0.44039020140682705,-0.0590773181352383
0.24486445982507632,0.8791245069689473,0.6719964767221258,0.5604512729320323
0.6844651913678761,1.0623075732175409,0.6266932115447473,-0.04345721519906665
0.6716058707171845,0.8133144162667931,0.7733244011403831,0.5928761090277649
0.7971632542707667,0.7499849317082264,0.6440627156416802,0.213459142765775
0.40506530732702367,1.0552552041275154,0.6897580621547087,0.43285093708544203
-0.0033385658872904,0.9812144517846741,0.6271661710080346,0.7387785520991211
-0.11493334291111974,1.1138239003521313,0.6463291742663,0.2967774284928677
0.7794507910557732,1.0340283545892963,1.0045539760159194,0.40312003527229623
-0.5097124261094318,0.9448294961620629,0.8493091772146131,0.417158006612642
-0.10588340818790859,0.9719457620836537,0.9500116467428191,0.29816420656646553
0.14626226693288102,1.0494226860177822,0.5590727450077676,0.2949052946244821
0.8640073783199761,0.7262470425244769,0.5744895712810136,0.26098661246084864
0.40668050299418906,0.9490834487255274,0.7540387447111893,0.4587395215234649
-0.2931955553448448,0.751215501005684,0.7534050428339815,0.602983148601861
0.28027841571110373,1.260657784585112,0.9343153859038026,0.27441780320392867
1.082116078615872,0.9927939651517382,0.8950439780320292,0.04202859724764775
-0.03524629115668701,0.9444892846601549,0.7385920531409333,0.6721350826798553
-0.09165279836208605,1.2522646049618806,0.6947756317987348,0.5207054202440923
-0.5993490046201333,0.9610351317324645,0.41970091533749,0.3619080543793583
0.15174530907063222,1.01407645190914,0.7935573432020708,-0.1681586743432193
0.7651032868660134,1.117930374087028,0.875848578390126,0.6208090179871782
-0.7214316900156389,0.8503948320907085,0.5010721780302114,0.6773606194663855
-0.7648601165568111,1.1427301402386079,0.5917259829407127,0.695814641207169
-0.13728184250587117,0.556366872204013,0.6257362535848646,0.6164480587489871
-0.8112320936034066,1.1405719225154212,0.514742186945427,0.282316249097395
-0.031140784028173038,1.118858251183096,0.8739103636663671,0.3771423580147486
-7.792886499275424e-4,1.0633875971007272,0.9065382146812886,0.6887770261592903
0.24179928759076127,0.9013747902060998,0.35293880989037063,0.3611915219443762
0.1950933263663502,0.8328571448265204,0.5613384873870442,0.3933429652877268
-0.5667927158842149,0.8239928565907042,0.37155038580865735,0.36945328692522206
0.8054339410912231,0.9661601817026857,1.0788593898066061,0.2294745163491014
0.14855252273997904,0.7880418845363605,0.37182569568939766,0.19522391618158988
0.16266231842347312,0.9392212008802246,0.7772422114996635,0.44983078661325404
0.21601033079184506,0.7997388278047626,0.7166093317279959,0.35546898066780835
-0.08715423401642439,0.8824944327810977,0.4959402948764409,0.4778203509582941
-0.24064917626277862,1.0884798296688258,0.6159998935263662,0.5599215807757664
-0.17804257456817885,0.9304196952156362,0.13065203730536704,0.29483889361489757
-0.18071422013940938,1.0947963740705804,0.8419412408494452,0.22298007434989775
0.4533501885557503,0.9693279149289273,0.9557526223431129,0.43352776043725344
-0.026050008627530458,0.9331059403760533,0.5640187332115608,0.6690846784432861
-0.0703236420154316,1.0451202988846435,0.7198863212176113,0.5376174334346164
-0.21912012582518733,1.061684673388882,0.8303098165296159,0.28776871477231586
0.3370546118083512,0.6958027617867942,0.5857581327262371,0.2348275832442713
0.23856684904245196,0.9112205792675376,0.9529856696968014,0.6233544330104892
0.36204733450826154,0.7533871474833392,1.04113256713215,0.5761332068669935
0.7859251178689746,0.872241150952279,0.6396734257706604,0.5921192476480375
0.8250975935555308,0.7600397922243342,0.9836024341731743,0.22081086000003955
-0.5956662637732955,1.1595866306034361,1.077830617600578,0.47939745083898244
0.46404188155638304,0.7397185045435078,1.0064190302327622,0.546780893591319
0.25599448110674433,0.6263568813552212,0.5776539131104342,0.010050960353170822
-0.17743467459610884,1.0243383167016784,0.7954802568193299,0.606345702075269
0.5485782253246395,0.6207103709936609,0.5808605691429325,0.35370839422406775
0.13187834457575928,0.8604247830122604,0.7595574369412594,0.48968760232264535
0.15383880445540407,0.7895598894821447,0.5200093518760649,0.37824665978992955
-0.040720784662574845,0.7667139476325466,0.4011032485737928,0.18735600473244537
-0.14728579921595764,0.7323962839237654,0.5032636005101104,0.4598031704292516
0.331567563253735,0.8408639761156307,0.23202756386547554,0.10692906742520208
0.33465632784133714,1.1241559244166575,0.6616636636688128,0.23527828588665514
0.563053173219947,0.9341005406376701,0.6394719598791574,0.488644395808494
0.45961326992574025,1.1074868325463096,0.8008474009603943,0.17988991510486443
-0.06930522518446373,0.6989081412529208,0.7458760893222263,0.45128320738225836
-0.15990277996866456,0.8146412055747392,0.20930703385506175,0.3206866363989795
0.3761536358931835,1.1240037152181412,0.746042244329474,0.5679057053019041
0.05661478833950455,0.9465909386215313,0.7424470970776389,0.4297661792000284
0.21403127874507427,1.0347551683410414,0.6290076644432888,0.3337617662773215
0.7757973621397869,0.999893166620461,0.6505526828929925,0.4450726509180831
-0.3641651624517096,0.9007162072676305,0.6891621670547862,0.6699639543424619
-0.30179918189633925,0.9085957188702783,0.4193027372320941,0.04026270614656086
0.3981409654324674,0.9124525488440268,0.5481609316727923,0.42830321682576433
-0.5493095426276754,0.7561610201213439,0.6609878705448923,0.039483155294807816
0.20985708744314446,0.9497193808071059,0.7896706361157741,0.14580888860928456
-0.08816315595041072,0.8772843147079697,0.4624539438026458,0.71119772780968
0.09696050041734605,0.5940969039475559,0.6929065188083522,0.4763476318213316
0.28603445677138095,1.1681375165318792,0.8177215487336259,0.44793895508292747
-0.5299331395671667,0.9365547789759999,0.7634144293887509,0.2941941515709534
0.5727038670137755,0.7102166656223037,0.9945089450503146,0.6303281029797824
-0.8863868638771626,0.9798766164984454,0.7606808732236177,0.20433071476906986
-0.23515511727718133,0.9717730518119798,0.33663385515404193,0.6665162750831485
0.565507932639462,0.9092134440828806,0.5015764239009349,0.44020354311994525
0.02980423827899733,0.7400910025093139,0.6394307399959513,0.8508306647217397
-0.18432122694386674,1.085976612530604,0.5418877161438592,0.19826131395426624
0.6046354337957769,1.0106098686251097,0.5241460141256649,0.16274722028730657
0.6112826927109511,0.8894270547693733,0.7074960815480229,0.1882715049514904
0.4906997071464075,0.5559687320569688,0.658551211327514,0.5289183807491897
-0.2941214823457295,1.042828263337027,0.4974440361182456,0.39243100489913535
0.4602175558322002,0.8600102503194935,0.598195385556446,0.3255603220983233
-0.7991719139613498,1.503424446861831,0.976811523807898,0.5147205138282657
0.026784499567763406,1.125060147606366,0.5123106890634715,0.4355798260863363
-0.15880887137320357,0.7262463491529547,0.4588384707320684,0.06785216207306827
0.3941434613257182,0.7446803361403787,0.6891180707925937,0.2515850296896839
-0.2965581475550875,1.1510572842454758,0.7828956024725522,0.2572062352227432
0.344514650775117,0.714741856302774,0.7067584678798206,0.5025348896454501
-0.2741270456636346,0.9727983179638711,0.6901443710518742,0.5191455656379713
-0.01247093902555584,1.0238590623427377,0.8434845525483998,0.5727921427153356
0.03434582482506209,1.0185400047011555,0.7364569782423216,0.2783642259732087
0.11391677361044027,1.0546305426947766,1.00664520451574,0.5929892520013587
0.037429554951554894,1.0568863730355957,1.0707935152334742,0.5085702424114219
-0.724611460862164,1.0052926226658552,0.36141271179037393,0.1767509519309747
-0.992628699949828,0.9346025075621395,0.8310057401440678,0.6128480828583952
0.1327003431880399,0.977078114616281,0.4648150199670716,-0.04169939340008658
0.07159426397627047,0.9947420150266503,0.8815314488326883,0.25173918325937905
0.6089637272556269,0.9007481799492727,0.6288125013670408,0.20601860842466962
0.20512110738442235,0.9225629469196308,0.5443413932475986,0.5202639060247393
0.31276579158933066,0.8231927954230572,0.5392085960050312,0.4959274304419571
0.350603145148871,0.41900575675015983,0.29272478075624014,0.2969233365026939
0.8915053092857885,0.8140612076430646,0.7351994157546307,0.5307330507289836
0.249607397592543,0.9230508923434523,0.3246050152588838,0.35682732342067164
-0.08110203212475783,1.0282870971154516,0.947194450682193,0.6833973564913964
-0.5361780600772637,1.2551020253881844,0.8616756589776842,0.5845607341703648
-0.13739555760106312,1.112592958242809,0.3622741171262648,0.324511794621249
0.04130055433371197,0.9463564013827063,0.8653110657182028,0.5988799196454978
0.3144845446217002,0.9832892080464879,0.4897564911762027,0.38367768825187215
0.6552480062888748,1.1282896598351275,0.5638261172418964,0.45566392194620203
0.01583551688850271,0.9402378975566349,0.41060352397780603,0.37222140766870976
0.5081609447443033,0.7315338523951653,0.5407964372079137,0.34545376286818436
0.39058987796293554,0.9497604708497456,0.4872432141273572,0.2671693621430366
0.6066376518788174,0.9910645129595455,0.9525556107775147,0.20016968927466117
0.6838059434898206,0.6974975111784698,0.7643244704491202,0.6725514078540793
0.057937907453787116,0.8569126637467218,0.84087977185970475,0.45066009664230555
0.24024777402327688,0.8199245458819417,0.5742371960051117,0.6570796404731478
-0.19283414290363426,0.6638879596213568,0.3671728320434289,0.37394004914071444
0.22091200187553314,0.9837072728245537,0.5227743044290029,0.06514814108724082
0.30902128126391865,0.6818058092368945,0.38508080407589396,0.31025286034596766
0.0058237452199318505,0.9946318174759392,0.6714778710714663,0.6620939934605481
0.21515993609133385,1.1123032129411494,0.6498768016399921,0.2950948926315615
0.30556393772004475,0.8786715022701669,0.988558066791642,0.0450370257827333
0.27695268581624094,0.7404118252129609,0.6562095742555343,-0.05680064288007657
0.10990718818854911,0.8492257980372739,0.840109259487725,0.4076182749093378
0.6231052607193225,1.042756351253106,0.4222993384423685,0.24969305946689216
-0.7773493586329976,1.2502333987620555,1.0386463086262847,0.2368626762595258
0.437135307769307,0.9198450936168637,0.6333967554858757,-0.011970223526806677
-0.48658612360726633,1.039122178135597,1.1694385314606426,-0.2293840668588465
0.23371154383628415,1.1170630708943425,0.9356353698922873,0.700133621547822
0.9652166467716156,1.0349379375319363,1.3633071072158034,0.13024822788909612
0.7811453743267937,0.6520603435209875,0.7849602716809707,0.20437025899240524
0.9713947103227677,0.6181721350187745,0.8775529620938833,0.715609574487894
0.14152769354019432,0.94642151694578,0.6129316225403981,0.4026038156273123
0.09933109028293173,0.8774155121675087,0.9486582726501667,0.41574252225472935
-0.24365869348586644,1.059851076034153,0.7326641344867356,0.6518538668712637
0.38733237942777793,0.9346693725451297,0.7903976732468773,0.3926461352295507
-0.33388781917252963,1.0119358650050077,0.6896846120092819,-0.09884025747864576
0.7449699337440684,0.9067711581758962,0.4258778108044866,0.2845409193062266
-0.4760294589162026,0.8321538147117357,0.3034107005069486,0.2781337010809677
-0.1255227548643816,1.211262728347694,0.6999996820454137,0.11042281566785235
-0.15140173156348452,1.0319485256741032,0.5467088919000873,0.2371530098164437
0.0010054610037630164,0.9736363560456855,0.5853921210403046,0.21544667462339176
-0.15231266333865223,0.9056865430826859,1.0757862100333249,0.2642325073949882
-0.2732629953734508,0.8715613487811873,0.547143485759697,0.015761075651933305
0.36742740148200276,0.5213885078957786,0.41815416635795505,0.16305975885006277
0.1350492942081796,0.9686669971296006,0.6378404707091044,0.6771502962835668
-0.6208272831633527,0.9602784427057586,0.7442306533822759,0.58218878012314
0.646212784296852,1.00664285245993,0.7515825777533163,0.3833577893758171
0.5197792539619773,0.7155230826341468,0.8230196915144758,0.1535271478310301
0.6489973322919176,0.8473036396101176,0.8323053276067652,0.27088925369458605
0.020942196957830065,0.904276739016299,0.7070711665530105,0.5703859695253463
-0.20988023628684577,1.1454797319660455,0.4791611473456649,0.439437429904388
0.5848718626606365,0.7188951017925825,0.8407371406789382,0.5579918940476778
0.3779891038164277,0.9926539601737744,0.6908674481374517,0.049239340054883854
1.565570592522171,0.7378215874410108,1.4358695140370383,-0.16757021451649398
0.5812317942029346,0.9658064238811351,0.2896220834123069,0.13526527817089984
-0.0209570965060061,1.1430469649429493,0.7893022738136581,0.6217220903262959
0.4419099819462554,0.9671757368012718,0.6059762369004668,0.4943966742142648
-0.05429642985525696,0.8122796667953621,0.6555113837060423,0.46265994436677005
0.21882615725658883,1.005712594363374,0.6286741416470526,0.4594414507867673
-0.38861670834815,1.0315913465900852,0.4424839763995714,0.3498494047265257
0.06253943106496691,0.9885110229703981,0.7020447735987173,0.48807553441969903
0.07574618362275842,1.0697655380903681,0.4911952223973643,0.34465167740739927
-0.31839237100913736,0.907383361929042,1.093084235290851,0.34999418216400274
0.8178705276490857,1.009559162532774,0.8863949116480261,-0.019880974533421403
0.018176573853355207,0.9382528056060846,0.4575646674915247,0.23080293145212932
0.46405270502077844,0.8213319161134601,0.5537922090651333,0.44092935985140175
-0.401799880785371,1.1619304665853294,0.6832998870302698,0.47414281161946203
0.489645352664998,0.7661522683134382,0.6483197371824488,0.489409263769035
0.18608935244561683,1.0814552033077172,0.6715969723142519,0.5052764138123834
0.32272937552405107,1.0033438190567678,1.2140799452455215,0.3614661582730594
-0.4460582250741318,1.2147250192232943,0.662397198905318,0.3552778762174941
0.4868875869923024,1.2060202570916283,0.7131026145761755,-0.10705168247065454
0.9050436735066152,1.1006324144364015,0.7815694954728915,0.43369764979665415
0.33568855004129244,1.1873140673839104,0.7643697927761699,0.696407555693969
0.6554639802412306,0.9258643909493839,0.6954585178311978,0.6528945267660073
0.7154051499919873,0.9549482595956803,0.7327997009537042,0.2687821746043292
-1.891096826401496e-4,0.6295573460807761,0.4202342318902695,0.024165957741464864
-0.4738072333034237,0.7786584507168265,0.8835902297624546,0.2902703260060623
-0.08672404232504054,0.7277714285065258,0.42201091857128353,0.2634036480272713
-0.2876831420247252,1.0359697017406706,0.5888242907646565,0.5405280361901088
-0.11081718893653862,0.7237425909348191,0.2972048108457844,0.1202439057401349
-0.2506706665247587,1.3530162018254301,0.9420875466021184,0.5393779791527672
0.20638099579030486,0.8069183484017437,0.607783013415074,0.5723153264379911
0.13049619332649506,0.9437522933555669,0.8240076397455225,0.734160186590656
0.30255626637291083,0.9823350744801194,1.0186800774183933,-0.012882057609286313
0.09653152353201774,0.6432715258185928,0.4456275170605722,0.32096525880560917
-0.07032469317678185,0.9575372733570531,1.238739208692221,0.6130586715652903
0.7105801080047298,0.8978488986823857,0.9807605791106596,0.13475244851561308
-0.47999073873252235,0.7902398463306717,0.5783598828979637,0.5160944771581844
0.3334158418203449,1.037746898325863,0.463678495852602,0.5801533263849579
0.056478348716196815,0.8904195925476523,0.39181714195910405,0.25201550907954623
0.41162623040308005,1.1090114432547615,1.0202406686388865,0.20896620621691375
0.480359708178809,0.9294336483268284,0.864478888561315,0.21850015058512837
0.9179578259343968,0.7652208917955405,0.7320883983199592,0.5191656759371512
-0.9129241306928787,1.1178796965388402,1.291661894256416,0.16871372458845674
0.37126314583289194,1.0735705563436853,0.5181198553494568,0.25300603115945297
0.3019905510248668,1.0404032867519382,0.5333198182210325,0.2097683915611159
0.2623935439561039,0.8334274292257836,0.7717868489058701,0.5157129039974291
-0.0017198454315411808,0.9310358642601155,0.6155207742550944,0.19131717652658534
-0.021944125733890683,1.2479035213941811,1.0010297977903753,0.26392989063104505
0.40511784092797093,0.8120283840189912,0.5385492111687612,0.36271539472708203
1.0164122902923636,1.0896487696779482,0.5414985193537251,0.39698431409521817
0.20241066009531614,0.9344730842459903,0.7951416445200911,0.41226371838406206
0.10650726830101573,0.9256634647234707,0.6006317572720674,0.3325274084676387
-0.35087432122883766,1.071764287231767,0.5919553617476366,0.2248469552275062
-1.1101123955004275,1.2346204994332104,0.9828153195051363,0.3709969331043179
0.3655502228678283,0.9835717245435281,0.6627522204827593,0.17426857831137468
0.613488499914615,1.17273641652197,0.7768452538969738,0.20483240545889905
0.3697986227899463,0.8925697778547617,0.5965480118778869,0.2171105593326241
0.9349480869767175,0.6866658388008237,0.6714967294827089,0.29821766540834366
0.4382920081611786,0.9478430599348266,1.09797884526273,0.09958414623007811
0.40158698063041764,0.5435534691193971,0.38687866908645024,0.29085098528551034
0.15495553981181137,0.9142526317222875,0.4730332016380115,0.24901267014756076
0.13385107495349552,1.2271908532563947,1.130017278446097,0.6822780348592035
0.323143868051617,1.1196440765092575,0.5988227120068959,0.4032741487331547
0.18159462776767077,0.9738064899476989,0.6836824088779473,0.4071988415417944
0.5131163172442545,0.8737451455786767,1.0431817572509052,0.2649876143846342
0.18311812562878768,0.7994151433495948,0.3746957807748169,0.4283955232814755
-0.5860454825124646,1.0235746992179509,0.6264407013912082,0.34523254385968605
-0.0048594772234377475,0.9404968009997289,0.9874249992362721,-0.08044120652275054
0.16777826177977162,0.8245222413534355,0.7634354652729453,0.6201345908348568
0.08277539442479817,0.9465092763337306,0.5720365562016575,0.8508384066553702
0.396684115855119,0.91768494350998,0.5177534111272407,0.13510460905209357
0.004767911423783253,1.0384173328004418,1.1713619733653886,1.0433696328494773
0.032668108102576546,0.9919996135520418,0.5277554658126823,0.5157391830022087
0.1992054248643636,0.9724572875476766,0.7486193464667387,0.3989244080730955
0.5248410866028924,0.8696806698552594,0.6286583062548898,0.3255613889231915
0.38188195154579657,0.9272129225009826,0.7369004095930901,0.20206547165777095
0.18518339086524388,1.0200692460482543,0.5919687858438288,0.4989799405233108
0.5388633223880058,0.7471832472595058,0.44028039632259797,0.44051095111444905
-0.0682281238700727,1.0481605953617574,0.5717992441699787,0.6711165894511586
0.4320725827978666,0.9239512011745568,0.7751163949098714,0.5130590736869333
-0.04313171595009199,0.9706866078346169,0.6455359421180242,0.5493145251047837
-0.6382924944282841,0.8728144930855134,1.0664772253413257,0.2484743480620249
-0.44838196434846006,0.8812918265648549,0.5710479110543963,0.44221888158497336
0.13685007576871466,0.9232018077461203,0.7741704887390207,0.5564910195971542
-0.007584130820445956,0.7792205909813905,1.272710610539389,0.4933967069041004
0.7946327508654583,0.8464833679472291,0.9561403955778248,0.22144848306800718
0.5387326668434986,0.7001480644537993,0.4067393459200706,0.28756792844114454
-0.05113787266692158,0.8026404661048363,0.4516872513815717,-0.03128376449609243
0.6660151218280405,1.1021301857437118,0.9957324483262165,0.5193846983140314
0.18743445735270756,0.858568039417913,0.7539426568779196,0.5385850696482477
-0.06823310413491422,1.0729239381772349,0.712868324485258,-0.03852317946136186
-0.777423396430893,0.9527324668175519,0.3122371840837386,0.0429074729253659
0.09093348800784176,1.126211269301665,0.5923623923889697,0.5206475670022817
0.012840948745798811,1.1448899420567622,1.0301604329687113,0.38496056146447616
-0.050067856792458273,0.9877534505809921,0.5572164088174497,0.2914667509415028
0.6089018282439483,0.9577046294807514,1.1203430456011092,0.2317084746774443
0.6715180388898373,0.895925817270243,0.9381162956889719,0.4910101429421842
-0.27864057460773556,0.7372080471386635,0.4443017667077044,0.24623979061056706
0.6785310291005175,0.7444437730847772,0.47731162477060574,0.11763629816392482
0.7588054965470178,0.6036506369032364,0.5399551294526707,0.22963860504134695
-0.2943002638806391,1.0351720340286974,0.5441015105949188,0.19844596189552066
0.14137153976697106,0.7770633014725686,0.8654035803501898,0.21472135989097255
-0.025971902674492155,0.6330326246351161,0.48044785652162864,0.28824364665751906
0.1097173482892172,0.9928154827274798,0.7923844089316077,0.31918292092071937
0.14978477156443581,1.1928281358448989,0.4941954741918302,0.47050816612847784
-0.32457773400876877,0.8276152035161278,0.6598821321937818,0.3351948018734762
0.4531597565772046,0.7449799897638455,0.6178998754621602,0.5657030116239833
0.34935493561348063,0.8827992633633184,0.4159675305104276,0.17218059787486928
0.8446947488370169,1.0364874456193756,0.622398722518719,0.29835217240081524
-0.20926396186845184,1.1343971033187867,1.0887591172294324,0.743558643925048
0.12364159024142601,1.0054873464905016,1.0632111985701227,0.41220406253451175
-0.1597642382572136,0.8537733212796523,0.9206921178560673,0.6567883603589623
-0.16845576762952166,1.119284030150181,1.055871376322059,0.6130748808345775
0.31300675804388506,0.5230103459504667,0.4466454385336451,0.398919069385689
0.3620064938278387,1.1998053145757674,0.6128994031295597,0.007070047335462698
-0.5057235248674027,0.6753622765075366,0.9206485656020758,0.3086603011309863
-0.46604028139574194,0.7111161384105055,1.1406981843926691,0.4704103653065765
0.6597294372587557,0.9539300257605831,1.1433766970711008,0.2702449862846647
-0.12402790894413959,0.9713808475843881,0.979336801941566,0.4499480706148732
0.30076274177140355,0.8734036102415548,1.28881105316264,0.040059261798580194
0.3268180634737825,1.0563842198216193,0.6794673887171707,0.5297877920184915
0.4321773661127031,0.6900633453315669,0.971534234141222,0.11340418901492354
-0.1450337902596181,0.8222635083855416,0.7347234785195668,0.4744042524069239
-0.09273880864448816,0.9395950476388847,0.5781032286772242,0.22133761027445076
-0.09650515244987763,1.1929719595967885,0.6246628461914022,0.400555540004462
-0.33397991931732696,1.202950537696203,0.6384771112360388,-0.2056095285684743
0.05674072415168615,0.9736560954756123,0.46838708826841435,0.29525166391612995
0.13029670649278494,0.4480005879813037,0.8022799044508707,-0.0202048890862156
-0.17274985911314086,1.048019572841575,0.32844812047843513,0.18886197004752794
0.39331986137723757,1.3015213969989856,0.3999530314486112,0.22548763105339145
0.6555684032729799,0.7637378445337795,0.46091423618950755,0.3059031332508675
0.1094400703408835,1.1003418496575361,0.38077668338287657,0.9618218462064388
-0.029449409628745038,1.0496282245049564,0.7183098970678107,0.7939585064562162
0.3029098517632956,0.6176638349276865,0.689161387707032,0.3202976645243223
0.15235728501823737,0.8263034443839814,1.025277881511029,0.6366139606930282
0.019298534463637943,1.0436351367171233,0.7264985650582301,0.3691079700933212
0.030524034027384274,0.8054544388980608,0.632380305457506,0.5617070956453066
-0.08219136189702642,1.1720119347254716,0.6360567476611814,0.6329316639937298
0.48954177667048565,0.739943129142597,0.38338316189371835,0.585452575536908
0.10140240300432565,0.9523146919685195,1.037748830361675,0.8108028814184576
0.6645876988693843,1.2553677574599198,0.8360725594520629,0.37502629056796133
0.39986892744600644,1.0406653479717765,0.9055488067855808,-0.07896849120150125
-0.26656263363277943,0.6904610313446186,0.6824244518228303,0.04488897047454895
-0.29859637888863017,1.022842504581694,0.6162364098748822,0.29260994519921035
-0.5461620863571777,0.8713059711982831,0.4164586418706626,0.4722647497027401
0.26613647366090454,0.26756134305513063,0.33979398984553044,0.15410032647765032
-0.4728716319670569,0.8996371713301486,0.8831481178855047,0.5224037703854333
0.883211174582696,1.1741298364484325,0.859838756854642,0.3944115206256063
0.7843040503858217,0.7871616964270894,0.5484631175180146,0.22429137076291347
0.4122030224166578,0.7433580518943125,0.08036819389098057,0.2543723329447767
0.4223444428880075,0.9191311828958084,0.7235790609898182,-0.05581274822406694
0.04016816808779674,0.932206149283778,0.36538832275353633,0.2415722590934344
0.39869580355987116,0.886495823590796,0.6416546291755401,0.5668363413275144
-0.418688809348692,1.2115582553313438,0.7499944425818852,0.9824493126411746
0.4099323259005512,0.8587098664908722,0.983229394165056,0.18375758372149428
0.05479131904396191,1.146985606018202,0.90836626053769,0.48659515177786056
0.7183770839708952,1.0642948216283692,0.883090540384979,0.06320498344428854
0.3725661944683733,0.8648106112739515,0.851684833249184,0.6659484519989275
0.164162263175643,0.831702189182049,0.87861555560352,0.335941420310408
-0.12278258642658868,0.9504210651821685,0.28010377438057515,0.37995418082980076
0.08200553298934934,0.9775324883589227,0.6013925244372288,0.2871740308155144
0.2760241084366729,1.0377349024568694,0.5794802358753395,0.34720826937931026
0.4190263148658466,0.973587337356745,0.9025399612860526,0.26583124970785627
0.09418289546041615,1.0969522264163603,0.24000484965307975,0.6680351104147173
0.2797383138947735,1.048462319083061,0.4763686074720262,0.47557401940519745
0.4455960764500304,0.9427612338210124,0.8332783929750461,0.7193705531179502
-0.1691456636108899,0.8797394124395018,0.2695163721906986,0.2966306813051987
0.17028362907378145,1.0802332575684686,0.7162549965545943,-0.08351770475265598
0.6471439563606142,0.9133901954935981,0.7712772514059887,0.5257537096493685
-0.0504557467828649,0.773696145953755,0.3607453589362756,0.3229278628973941
0.38334658653335124,1.1581290466043443,0.27513941087153415,0.14492649516284495
-0.021094700771540523,0.8137046711192527,0.5157126355735865,0.585990966313213
0.031540662703190316,0.7805010770603997,0.6311343420805958,0.3212023390878405
-0.3243127470587992,1.0066443420743045,0.5359049525002272,0.6115184655289568
-0.36421726716380404,1.0830413585797343,0.8523489369572521,0.552278170112585
-0.34873409518145637,0.9901817318855097,1.3090947774133377,-0.3798551214897238
0.12963325818364393,0.9282864159107604,0.644659179324759,0.2921890719524402
-0.2076767015331551,0.7817369131294551,0.5085386152686548,0.30158622237310734
0.014914301680823033,1.0309411165111826,0.6771859303387004,0.7416170125066941
0.44187738099780577,0.7477060756920004,0.5625235850128097,0.21803439784467352
0.07915234072650396,0.8823954331759615,0.709328917525539,0.60847364246522
0.1107644952820393,0.9373226028764907,0.5138040003099167,0.6650584654076143
0.6858137553652034,0.8814426182459771,0.7034042234405471,0.2995547954539749
-0.5491668597218075,0.6585624126525943,0.8426392066657441,0.4031670583295246
-0.01884110533724722,0.9268039805280535,0.9011190453321155,0.4315142174159231
0.3760981419524431,0.9718764236536401,0.5876344617451456,0.37552932658673527
0.0705393679911821,1.1119305570293678,0.7398236505622349,0.5620677832338121
-0.06244864197147654,0.6579567684451201,0.3292199143449996,0.09911809569815053
0.04727140222408254,0.9855014504201195,0.8169955151570344,0.4978987682611858
0.1948198473542946,0.9592669081834926,0.44817139319050014,0.17597135848669215
-1.4865996359315583,1.1214269367195238,1.306411538186134,0.2148735810687315
0.7947161320420957,1.1255749409346427,0.6792425061442142,0.2726676926782401
0.7462964998065864,0.5509207960139466,0.6029539359347613,-0.034329043669948385
0.859610758006644,0.942012063848341,0.27134795538353795,-0.0895957021689811
-0.19828322763421072,0.9295263024606323,0.38507049963225043,0.3257368567368734
0.18451748447984043,0.8734683822460299,0.6198595835473452,0.5676898317740366
0.20854681457296959,1.0971799396521205,0.7495704717766677,0.39413951272458764
0.01813144497341283,0.9662616376508412,0.833993870699011,0.49171887472288955
0.8446219399360849,1.0516720125144017,1.3142292245206662,-0.13665071428076814
0.2094481925397879,1.014128206461484,1.1911325200610716,-0.17428016568409221
0.29777209385962805,1.2937515194764355,0.9237393568618487,0.3089474179236534
0.2254782259238901,0.7420013499849593,0.29924361874053684,0.11498899618640888
-0.30652724364806566,0.9034360381601665,0.6986713667930451,0.19897947894294316
0.6241791207493926,0.9201931815074201,0.5138386443345779,0.44224097727081385
-0.13625212177551296,1.0901103949848814,0.8134442150378821,0.54993089360518
-0.8628627192984911,0.9546199658829173,0.46228387616513533,0.039679160810042045
0.27255930144915136,0.7452837984227655,0.30289306611637096,0.23253731456548737
-0.5124497740763737,1.0982413045842632,0.5685173450942613,0.4818735937545805
0.05550483237829509,0.997181052448224,0.5468824233926906,0.5148179632178488
0.05754433559449628,0.9015702783840118,0.3045118070493339,0.3399719012851059
-0.7067837290932886,0.9088541122795635,0.672963304312851,0.5217344377148697
0.012029606795696498,0.9195427463421745,0.8513886167502425,0.2350269044310687
-0.20336502085468794,0.9270442943165705,1.1608555876418407,0.4048572696823472
0.019003483574609018,1.1559345712714595,1.166783519113081,0.1502614540706444
0.17429886862796853,0.9623788431162245,0.9605698099621024,0.4562026716989425
0.3623703290133835,0.9212054258151894,0.951201010512646,0.3618725893654763
0.41707872378217714,0.7346314169585016,0.4570826206326473,0.1739585495038882
-0.10633559287542915,0.8579083375858865,1.1956249441826936,0.25693411352888795
-0.31721765429486887,1.0101863230014232,0.5178985364219788,0.16455011406161804
0.10147492743500952,0.9622110912021997,0.5657080422483379,0.45615863424101016
0.09858575583861058,0.858487200126616,0.5927313038081582,0.4279644964048934
0.1764347000326069,1.026298283492224,0.5489771208033075,0.08331154271824473
-0.6877678960016156,0.8844801944225511,0.5300366090526695,0.350617534356633
-0.025686244766098123,0.9556353336176265,0.26620850965461396,0.24812625016056894
0.15468600401231233,0.9373428135083162,0.9777304319501816,0.6643939502711241
0.5528586503599243,0.7850356787775672,0.594828309326663,0.639193410479385
0.04133262148368908,1.2000182134860116,0.8462722248945479,0.6579579695325092
0.5357210300674451,0.7419104705202306,0.6191838840292662,0.11267844362093966
-0.23217749206622817,0.9154437008769365,0.6734485171651549,0.385165994618728
-0.6105666864243541,1.090088924226204,1.2308431364341461,0.08188854556116447
-0.17819173672719002,1.0384951431517355,0.40627701213406636,0.5224443809516739
0.7455830976571698,0.9871344119391396,0.40357461422269997,0.28363553950830966
0.007043046539519658,0.9680660367015226,0.6105727638126969,0.45405294542684604
0.48114797731556586,0.9817259572672877,0.8601150393916344,0.13024987512757355
0.04117621409133649,0.9800891055295312,0.5098105842415106,0.148375394974701
0.3052592008911542,1.05656507847145,0.8607799412598652,0.2366963385150011
0.48408145438355543,1.1228252728059234,0.6268409702814153,0.3510183702273865
-0.7940565952812286,0.8050617596403129,0.8291996223857431,0.23946812001706994
-0.688460122306107,1.2476012522841406,0.661731932587691,0.4625081284609509
-0.228400178188546,0.8848627766892799,0.43804743385101297,0.7933257217379236
0.21715480898560355,1.2188351748937438,1.1156123989450655,0.9818423692067523
-0.18742028781021244,0.8502275370220106,0.65574419947184,0.17323035928018637
-0.3252874062712717,1.0765491739765694,0.6470059850192601,0.5710050936121712
0.6439813749472779,1.0798860149602412,0.6153677093269773,0.6657098709085985
-1.054687855331991,1.0647934017198846,0.8812959751048492,0.3288928511649491
0.4833997123694047,1.0881645744730006,0.07754131284672812,-0.06832066570198708
0.06273906635749991,1.0857706198306483,0.8729036969522619,0.5605387685415464
0.6915212377350468,0.7843548751411451,0.4454423967836458,0.25190112813756194
0.6531652156940864,1.1208594036410835,0.5874662208009982,0.09837779837903815
0.2678483460549129,1.0066534403733052,0.7277480082483055,0.2451124813240347
0.32447356476941186,0.9673169982899271,1.019638047099822,0.15728872796423576
0.22704873604756362,0.9976710926987934,0.9487746772846469,0.16266184342955184
-0.15204554201930712,0.8989560060368004,1.052977850473614,0.026231141964021147
1.0074129676350436,0.8256686773799616,0.8183114823676052,-0.12679009635873825
0.22457725756366823,0.9154912286115693,0.7625588591667088,0.033266485702067014
0.5104233103051369,0.7969643209862768,0.6404028983275977,0.004968180224758661
-0.4765633290666115,1.0982642210342395,1.1468970852345268,0.17347652335422065
-0.025597098876007366,0.7442265644462659,0.22994690690689815,0.2962955300035092
0.03769934894251861,0.7716393546555094,0.6569770710518187,0.2323832410205302
0.21649955670318297,1.2126809157433347,0.7279259960603854,0.5203497497614625
-0.5557034929448361,1.1848181058587577,0.48014539992362537,0.482013478663244
-0.3165694189885274,0.7503494192783124,0.6192474743608921,0.04750961336145138
-0.3057127763191178,1.2872619690561984,1.505566172826654,0.2498608374773635
0.07402839858203498,0.9244965431303563,0.5823207561806736,0.21528273727837935
0.09628601427726483,0.766756405502394,0.8446883327737392,0.9418573210627945
0.23476921366442968,0.6886719411805731,0.4496120112308178,0.09335345868954424
-0.18634317939804718,0.9174915790786794,1.024888285847629,0.6297775193384677
0.33210312909672723,1.131937078481056,0.5232393355130693,0.24933078576743556
0.08834160564358584,0.8733584609422642,0.7612006412307063,0.44892693899659086
-0.44275238507541914,1.0909783773855268,1.2704511280324908,0.5071424254706128
0.5949915481605663,1.006014782515876,1.5268646899619305,0.6428455581004614
0.6111913611240573,1.1083533643839767,0.7818869540884317,0.7060808535230636
0.04734412010782809,1.0785777208641243,0.7952339821835599,0.46559528828367563
0.05527377064089037,1.1493280024910304,0.6503194566767455,0.5733979639833283
0.1958013594838265,0.7753617634372488,1.010804411596908,0.04982960179470372
-0.222612743796469,0.8910362835277076,0.302684125109512,0.17742001118279402
0.6132187174650215,0.9210935420866154,1.2788578422278691,0.7818188513270483
0.45828341149112345,0.8751499133439125,0.7445228341755898,0.04334581093790889
0.1932636749250317,0.9136893008939251,1.028508522365611,0.3161310702937384
0.6950584807882275,1.0632507788184362,0.8118346892771652,-0.1848583702878741
0.1477006612815108,1.0886231084400197,1.084474589587162,0.7448691348116885
-0.3409101744504487,1.047945679053364,1.0766074772469543,0.1662880393601766
0.509283176626746,1.440639995599537,0.9267065239075737,0.5691279997020605
0.10170317320243392,1.0993513075848462,0.6166190831003254,0.4581259371401044
-0.4637138183772187,0.850252303913806,0.5784643732189189,0.2136099223950798
-0.21519848110010215,1.2533555320144205,1.3389505071573706,0.1660030905293582
0.039132796469799544,1.0989216232062382,0.7450582068017795,0.5331051522767042
0.3345632327810007,0.8561716356910944,0.34097004304237083,0.43965746401652006
0.32110955009681813,0.9350457543351708,0.7406343192297224,0.04884100515089965
0.45541732783222083,1.0853835558465648,0.9577191226317812,0.38140878237944464
0.014630021073653987,0.7391198934835778,0.5419357453199184,0.16832878596584913
0.13020091031262196,1.1382984610761544,1.373290786304201,0.5161746132869544
0.46485401284882827,1.1006506518456562,0.8891751131362652,0.48044939982615953
-0.11570260312446387,0.9728739976478609,0.467151180347695,0.3672923354964629
0.18171488053168197,0.7418079985461276,0.8796729832751697,0.10543554799171202
0.9719968514727225,0.5842952741483083,0.19845814160754408,0.28735643278906847
0.1651422772285904,1.224110855720616,0.43323800795177014,0.1949453230684169
-0.6689485905392866,1.0073119650781133,0.8122572136496538,0.4901685690019452
0.041554534646586525,1.1196465524515522,0.9191055819633396,0.36075549016536407
-0.7530118179521068,1.1530291985323604,0.5632458766824435,0.5144168896616824
-0.5137238066329634,1.2635380124383928,0.743385546673439,0.4309146329324152
-0.08238861343475193,1.254415152203817,1.0093258800954583,0.2354842878070835
0.6477325113972408,1.1590993848334026,0.5170623168390642,0.6412884420371886
-0.29912242356478597,0.9623601804643245,0.594867539878738,0.46857074192985176
0.29246326761737795,0.9211176137898571,0.7578931331993948,0.05898129085769855
0.09356235852369504,1.0726245892052741,0.6565404902965806,0.3109081277858346
0.11762917237747017,0.9241156497395403,0.5537567457552401,0.504312428975972
0.6798481736135892,0.8280794750652285,0.592781647119605,0.3369012988817003
0.03526993767696993,0.9289943134527119,1.046131632116528,0.5163796063033121
