Date;monthly.returns;;;(Intercept);`Mkt-RF`;SMB;HML
31.12.1927;0;;;-0,459099414;0,819905596;0,572496129;0,296534557
31.01.1928;-0.509627142500113;;;0,835421493;0,729211322;0,621090917;0,698035255
29.02.1928;-1.76436807812639;;;-0,584339544;1,247009317;0,660535295;0,472320635
31.03.1928;11.7033628677683;;;-0,096727769;0,902765207;0,775709897;0,236826954
30.04.1928;2.43775568784104;;;0,148770266;0,870649552;0,545920844;0,12913774
31.05.1928;1.26582278481013;;;0,47740106;0,683042088;1,278963454;0,177856064
30.06.1928;-4.30000305175782;;;0,484698051;1,044414289;0,522368335;0,336049546
31.07.1928;1.51515634678747;;;-0,076743612;1,06373413;0,588578288;0,226656639
31.08.1928;7.41122239547278;;;-0,274076778;0,926910102;0,685427563;0,365156909
30.09.1928;1.29371604962982;;;0,330020436;0,949027441;1,208010482;0,55520317
31.10.1928;2.55440364767354;;;-0,138152297;0,847453982;0,582237392;0,541539428
30.11.1928;11.9926215169333;;;-0,205000847;0,967884987;0,968355352;0,017357394
31.12.1928;0.288301865093099;;;-0,009299343;0,478378383;0,412990665;0,056225334
31.01.1929;5.7084162951645;;;0,55166526;0,867056572;0,881087223;0,152488005
28.02.1929;-0.582749105921054;;;0,628483238;1,033037513;0,639371831;0,320540217
31.03.1929;-0.234464500135279;;;-0,15748873;0,632571684;0,643795475;0,0920655
30.04.1929;1.60595313899297;;;0,751441262;1,233272947;1,159412659;0,913413793
31.05.1929;-4.27910789320995;;;-0,057566633;1,213599094;0,778301271;1,068281067
30.06.1929;10.3906561886166;;;0,586093983;0,934561882;0,74167725;0,188885873
31.07.1929;5.36300372687992;;;-0,33434827;0,765300264;0,531380607;0,301168106
31.08.1929;9.79916899565081;;;-0,004525436;1,059794337;0,680577352;0,407131268
30.09.1929;-4.88804566954255;;;0,187404084;1,119095587;0,766363181;0,467180064
31.10.1929;-19.9270565626264;;;0,236887973;0,939843776;0,826610267;0,422770088
30.11.1929;-13.3747395165918;;;0,083671865;0,898321178;0,589541003;0,260376867
31.12.1929;2.53346407606418;;;0,04268232;0,918461716;0,979449503;0,938834589
31.01.1930;6.24708673625363;;;0,673288247;0,690402346;0,367124703;0,018992444
28.02.1930;2.15006472766008;;;-0,626951731;1,296350443;0,985953117;0,822133136
31.03.1930;3.73710870371167;;;0,602863677;0,970815377;0,887151795;0,591920198
30.04.1930;3.10559011116722;;;0,01549149;0,910299849;0,74739563;0,453879515
31.05.1930;-1.64658575780456;;;0,049369353;0,899278913;0,822716136;0,573869188
30.06.1930;-16.4556991601046;;;-0,495820361;1,114149811;0,28387708;0,324300931
31.07.1930;3.66568931358939;;;0,47397991;0,880679605;0,696301118;0,468225125
31.08.1930;0.754369456233861;;;-1,121526766;1,331984633;0,861767549;0,832355835
30.09.1930;-13.0088936708962;;;0,621614727;1,157315953;0,947202384;0,35912861
31.10.1930;-8.87573752010206;;;0,163997546;0,888519876;0,545326962;0,386411947
30.11.1930;-3.30579312654177;;;0,306671927;1,215460181;0,816598189;0,192139457
31.12.1930;-6.3492006194342;;;0,018139516;0,850020925;0,89218147;1,015036119
31.01.1931;5.5410715320386;;;0,298478691;0,603888127;0,411944288;0,350483766
28.02.1931;11.3650407158247;;;-0,203589441;0,809898246;0,401204427;0,283753328
31.03.1931;-7.43205824490292;;;0,175576683;0,944836285;0,869911549;0,566918616
30.04.1931;-9.5865807685552;;;0,863916035;0,967972743;0,860944969;0,130631432
31.05.1931;-13.7176916758958;;;0,253542154;1,147100672;0,405339702;0,39292701
30.06.1931;13.9016851175539;;;-0,281493648;1,147699654;0,576611172;0,655693817
31.07.1931;-7.41739977834628;;;0,694842315;0,788968896;0,382071986;0,363536943
31.08.1931;0.946832620358151;;;-0,367837417;0,938700064;0,705577448;0,492906426
30.09.1931;-29.9422779316661;;;0,349758235;0,857486918;0,612451966;0,507364492
31.10.1931;7.4150387662224;;;0,693741805;1,225234441;0,806592415;0,119242515
30.11.1931;-8.91658943398379;;;0,626229163;0,689093758;0,453410242;0,473871552
31.12.1931;-14.5263169941149;;;0,696367839;1,128445903;0,855449039;0,300748214
31.01.1932;-2.21674668565872;;;0,848450574;1,302000013;1,11911073;0,559666266
29.02.1932;4.4080592205322;;;0,216675225;0,989058211;0,65992234;0,123970809
31.03.1932;-11.821471937069;;;-0,413958119;0,92303922;0,539649429;0,488265007
30.04.1932;-20.2462384495004;;;-0,384557107;1,140728436;0,522945601;0,663414887
31.05.1932;-23.3276183758484;;;0,095630538;0,985150907;1,247117554;0,324924035
30.06.1932;-0.894853774731663;;;0,379814723;0,868894698;0,708624854;0,378606298
31.07.1932;36.1173915004365;;;0,249805721;0,873007552;0,7650504;0,409349347
31.08.1932;39.1376459602049;;;1,069264593;1,125768184;0,869852753;-0,056546934
30.09.1932;-3.69487970120782;;;0,07309221;0,79028863;0,632483388;0,408560261
31.10.1932;-13.8613848531495;;;-0,210072956;0,824497559;0,546123631;0,471875064
30.11.1932;-5.89080237305958;;;-0,182616332;1,126206019;0,406638374;0,336487228
31.12.1932;5.64885305014886;;;-0,29482426;1,197414393;0,901965239;0,648017595
31.01.1933;0.289017062225594;;;-0,179074818;1,370682145;0,657048519;0,768603558
28.02.1933;-18.4438069056876;;;0,320609743;0,848568478;0,614113885;0,373985969
31.03.1933;3.35689156082455;;;0,305171478;0,933539821;0,288974847;0,140653148
30.04.1933;33.8461547239606;;;0,463228785;0,854567304;1,022717203;0,241834297
31.05.1933;23.116225252273;;;-0,145770535;1,124694767;0,580365031;0,428146213
30.06.1933;13.1742682454263;;;-0,140240369;0,88189611;0,728891115;0,131768271
31.07.1933;-8.79926720049119;;;-0,203724922;0,861103449;0,487631914;0,421009755
31.08.1933;11.4572901022693;;;0,219183527;0,873929543;0,161261332;0,347152812
30.09.1933;-12.3534703941315;;;0,39720288;0,785871923;0,886178106;0,62471879
31.10.1933;-7.81893218110118;;;0,032062313;0,969512981;0,508351742;0,14963399
30.11.1933;10.2678579506369;;;0,247045153;1,125860515;0,525668623;0,264044093
31.12.1933;0.910932707949508;;;0,041223398;0,844755282;0,405410443;0,076644234
31.01.1934;12.0361060895212;;;0,477440467;0,96712857;0,722038755;0,439951241
28.02.1934;-3.67054471451841;;;0,310581545;0,772978119;0,864929644;0,238765942
31.03.1934;-1.3011184046908;;;0,713755344;0,80896764;0,372986581;0,035530692
30.04.1934;-1.50658991653734;;;0,47558241;0,844282722;0,719372039;0,112062882
31.05.1934;-8.12619864598306;;;0,305317606;0,848678551;0,774834931;0,367994087
30.06.1934;2.08117346602077;;;0,401949849;0,813074586;0,493240422;0,414167778
31.07.1934;-11.5188589817111;;;-0,230202665;1,095188777;0,989119474;0,320912862
31.08.1934;5.41473844274218;;;0,502939787;0,872510878;0,529455481;-0,017924777
30.09.1934;-0.765024019044303;;;-0,140664116;1,081875262;0,984171784;0,407585106
31.10.1934;-2.97356284535246;;;0,457340429;0,575483913;0,965722546;0,156371248
30.11.1934;8.28603300189275;;;0,017330217;0,953167235;0,971724519;0,35864837
31.12.1934;-0.419286813553177;;;-0,323035807;0,98511861;0,829433795;0,259171482
31.01.1935;-4.21052230031866;;;0,458647971;0,802860768;0,62288932;0,320189096
28.02.1935;-3.95605049736734;;;0,666951592;1,065912246;1,183283178;0,874217036
31.03.1935;-3.31807745363277;;;-0,140815671;1,153905744;0,432339122;0,533696047
30.04.1935;9.82248452592849;;;0,669647853;0,828980133;0,513571886;0,35174887
31.05.1935;3.23276076904382;;;-0,487405498;0,867974932;0,413808808;-0,084012198
30.06.1935;6.88935128046209;;;0,046489372;1,194736772;0,666095015;0,471812444
31.07.1935;8.2031266734703;;;0,164871518;0,870280189;0,598949823;0,67540736
31.08.1935;1.44404195409591;;;0,373120922;1,32288833;0,651591245;0,467902159
30.09.1935;3.11388246082596;;;0,437409937;0,599459743;0,272076915;0,011001491
31.10.1935;7.5064700095351;;;-0,344902808;1,330071367;0,593208436;0,573774915
30.11.1935;3.85232376217322;;;0,136455938;0,573004908;0,17738922;0,398485401
31.12.1935;3.78671360650822;;;-0,012136365;0,786891515;0,58002265;0,439738158
31.01.1936;6.55249511872145;;;-0,944081524;1,195964972;0,743781218;0,320542095
29.02.1936;2.02655453074261;;;0,319360947;1,00914908;0,885574357;0,64627091
31.03.1936;2.19177867440581;;;0,031175783;0,9599102;0,649749801;0,543552324
30.04.1936;-7.70777220274604;;;0,071034768;0,868417622;0,712652238;-0,042394036
31.05.1936;4.57515715194767;;;0,326485256;0,794879845;0,42056032;0,267939169
30.06.1936;3.05555934523369;;;0,362597901;0,778102852;0,583599349;-0,005823382
31.07.1936;6.80593139148793;;;0,141908423;1,084904959;0,890772708;0,521494135
31.08.1936;0.88327688504104;;;0,214548463;0,7625459;0,695923646;0,448194356
30.09.1936;0.125081038461294;;;-0,199322895;0,974526775;1,17074662;0,258959672
31.10.1936;7.62023295386112;;;0,377569809;0,632841639;0,587522105;0,291885552
30.11.1936;0.290198176074297;;;0,153554654;0,749060416;0,544246994;0,151777683
31.12.1936;-0.578705888287434;;;-1,16634921;0,58383561;0,698456123;-0,028698491
31.01.1937;3.43422667117266;;;0,474056438;0,755780464;0,714780922;0,525749105
28.02.1937;1.63195836076646;;;0,624772123;0,804856276;0,880295995;0,379623411
31.03.1937;-0.775190441796236;;;-0,668543173;0,998139652;0,570602555;0,670277239
30.04.1937;-8.314730830215;;;0,140197214;0,925189378;0,636742884;0,200789422
31.05.1937;-1.03469308056185;;;0,566294943;0,730872372;0,548923787;0,405992981
30.06.1937;-5.28905656977782;;;-0,087801815;0,951258529;0,897745639;0,483493534
31.07.1937;8.89610956603482;;;0,766143455;0,929365363;0,592092787;0,106837439
31.08.1937;-4.35300848127511;;;-0,077484061;1,00003772;0,595051598;0,341254257
30.09.1937;-14.2144673099013;;;0,292993642;0,846340415;0,922879484;0,535249741
31.10.1937;-10.2470917438836;;;0,006396156;0,924775289;0,618017526;0,138561325
30.11.1937;-10.0404913885915;;;0,575750372;0,77026088;0,220594635;0,249483633
31.12.1937;-5.040499399168;;;0,176432519;1,131379507;0,343152415;0,503745083
31.01.1938;1.32700840869544;;;0,431538524;0,734016894;0,431221935;0,290272696
28.02.1938;6.08045460915989;;;0,030646959;1,037660508;0,783386464;0,517659363
31.03.1938;-25.0440927193442;;;0,140134439;1,343573316;0,697829767;0,125531998
30.04.1938;15.0588203878964;;;0,103038897;1,086538052;0,790489325;0,445389772
31.05.1938;-5.21471665779464;;;-0,506381962;1,174020747;0,683276585;0,004099129
30.06.1938;24.7033424894293;;;0,155697272;0,791666217;0,352500409;-0,064906951
31.07.1938;6.66089512231078;;;0,382842637;0,900355437;0,524870046;0,404420869
31.08.1938;-2.18977701346328;;;-0,127416676;0,903221081;0,715579026;0,277011898
30.09.1938;1.49253188423344;;;0,045793313;1,278607552;0,854586916;0,039268959
31.10.1938;7.59804185103201;;;0,239380611;1,258641047;0,432492973;0,383266309
30.11.1938;-3.34093038351321;;;0,333039362;0,976272383;0,533921368;0,32677042
31.12.1938;3.22074482191537;;;0,075003247;0,903822678;0,425249336;0,51751064
31.01.1939;-6.39269505814546;;;-0,089042299;0,884690468;0,79073935;0,111841902
28.02.1939;3.25202936851643;;;0,286709625;1,019514221;1,016910188;0,146032542
31.03.1939;-13.5433093926033;;;0,027533237;0,857425899;0,478789704;0,472590594
30.04.1939;-0.455366476730867;;;-0,599459838;0,89770772;0,799277765;0,654997003
31.05.1939;6.12991818469277;;;-0,507005331;1,28548781;0,775393214;0,544523304
30.06.1939;-6.37931638325275;;;-0,014957276;0,900211388;0,6527674;0,170458455
31.07.1939;10.8655648478797;;;0,230558759;0,995430742;0,530854339;0,285814024
31.08.1939;-7.14285431397034;;;0,404563092;0,717476174;0,463111986;0,37210564
30.09.1939;14.4007120995506;;;0,33434795;0,702672911;0,314727049;0,2799797
31.10.1939;0.31274403418553;;;0,218058745;1,259715281;1,244093237;0,601754443
30.11.1939;-4.91036725009533;;;0,209506975;0,982557594;0,527386614;0,018742019
31.12.1939;2.13114945038264;;;-0,370072753;1,010749255;0,445496624;0,457236809
31.01.1940;-3.29052846032802;;;0,742929695;1,072650746;0,449168881;0,465294643
29.02.1940;0.66389977128436;;;0,195238152;0,772072367;0,527246506;0,261253263
31.03.1940;0.412202722696908;;;-0,501152167;1,15113883;0,879917018;0,671440342
30.04.1940;0.0820958535056038;;;0,177846491;0,916167444;1,113197222;0,199944157
31.05.1940;-23.9540543325254;;;0,476792396;1,347217599;0,759531691;0,57296628
30.06.1940;7.65910517165107;;;0,057051904;0,621152737;0,336038058;0,188009726
31.07.1940;3.10621677190213;;;0,304194203;1,115204961;0,76605521;0,126250487
31.08.1940;2.04081670481517;;;0,448921043;0,550218278;0,265590754;0,244867542
30.09.1940;1.52380807059151;;;0,478737176;1,034010334;0,803919512;0,169289561
31.10.1940;3.93996324864776;;;0,09251242;0,800209079;0,728037057;0,568296619
30.11.1940;-4.60289018405742;;;1,122764774;0,779719092;0,869114793;0,175122703
31.12.1940;0.0946095474982256;;;-0,086675105;0,931815018;0,6166295;0,316859703
31.01.1941;-4.82041807712215;;;0,541070961;1,048295888;0,479860174;0,392776641
28.02.1941;-1.48956924603851;;;-0,585228482;0,890794108;0,337345302;0,361634513
31.03.1941;0.403225418804332;;;0,066738928;1,119235898;0,642182062;0,306807016
30.04.1941;-6.52610056265827;;;0,415844427;0,803436562;0,667938942;0,314428011
31.05.1941;0.751876387424488;;;-0,152294972;1,128278095;1,471062284;0,826415419
30.06.1941;5.01066376646651;;;-0,22236376;0,447414927;0,63023313;0,260916475
31.07.1941;5.48223290294385;;;0,393977748;0,78775486;0,375859087;0,106727753
31.08.1941;-1.05871613779355;;;0,188147942;0,948891418;0,794375067;0,588729424
30.09.1941;-0.778209394786944;;;0,380516026;0,949037109;0,755629072;0,508734559
31.10.1941;-6.86274335641942;;;0,435027438;0,688728116;0,184021198;0,175240157
30.11.1941;-4.00000120464125;;;0,153248633;1,096415972;0,538531243;0,223038352
31.12.1941;-4.71491568609182;;;0,56814017;0,863332037;0,694938311;0,254897481
31.01.1942;1.84120608529843;;;0,030723033;0,917495826;0,337962377;0,288574495
28.02.1942;-2.93785556694697;;;0,203401618;0,889801389;0,336878424;-0,068507924
31.03.1942;-6.75203624450832;;;0,75039829;0,735225708;1,152491191;0,050361495
30.04.1942;-4.36954271496426;;;0,603496855;0,580511418;0,977680227;0,157332559
31.05.1942;6.39686398014365;;;0,307901984;0,971990036;1,062335699;0,720913491
30.06.1942;1.84049790460776;;;0,385379148;0,871364661;0,523845492;0,504462371
31.07.1942;3.13253280610848;;;0,039535661;1,125815199;0,676649735;0,658230815
31.08.1942;0.700928306088433;;;-0,176846921;1,011470629;0,678510933;0,46120321
30.09.1942;2.66821924552412;;;-0,130852126;1,040283201;0,720839405;0,309174736
31.10.1942;5.7627034262661;;;0,225748218;0,908628374;0,769175643;0,369420947
30.11.1942;-0.747860014869572;;;-0,234677041;0,920350494;0,961007533;0,61421543
31.12.1942;5.1668514303729;;;0,842032253;1,062357503;0,509045823;0,155788237
31.01.1943;6.85771843630998;;;0,042098631;1,13229904;0,846097105;0,16709614
28.02.1943;5.07663513360073;;;0,201284305;1,231086028;1,061975041;0,394297747
31.03.1943;5.56061660737281;;;-0,064544453;1,209741003;1,197953512;0,279640639
30.04.1943;0.0863577629336865;;;0,339417579;0,831607731;0,573012218;0,345450236
31.05.1943;3.96893901717732;;;-0,103737087;0,910955536;0,375167176;0,410294542
30.06.1943;2.48962809947115;;;0,040644695;0,973813366;0,784066695;0,375890543
31.07.1943;-4.04858287089783;;;-0,109557365;1,08417738;0,655041953;0,644481886
31.08.1943;-0.421942524263974;;;0,614161424;1,056756742;0,515109569;0,420613023
30.09.1943;2.37287905462105;;;0,105955452;0,761834756;0,537122573;0,347672567
31.10.1943;-1.40728540867234;;;0,156933362;0,847042698;0,557647249;0,277954991
30.11.1943;-7.4727069777572;;;0,082317691;1,062265992;0,417011727;0,409210626
31.12.1943;5.89836289954366;;;-0,215590632;1,047033881;0,730123354;0,502147844
31.01.1944;1.54241905740367;;;0,104209027;0,867771498;0,511880764;0,485921237
29.02.1944;-0.253170343288944;;;-0,390901032;0,907114359;1,016015378;0,011138656
31.03.1944;1.69205387566151;;;0,456677422;0,740989871;0,669869262;0,227096047
30.04.1944;-1.24792484602365;;;-0,350952007;1,114061338;0,698942208;0,401631879
31.05.1944;4.04381213595972;;;0,24325939;0,775561986;0,495261651;0,406432196
30.06.1944;5.10120762191935;;;0,226617493;1,129176163;0,620103906;0,15968529
31.07.1944;-2.08011951934812;;;-0,267086964;0,826398072;0,860704486;0,36901821
31.08.1944;0.865457563706529;;;-0,417999257;1,097364875;0,495157357;0,354452426
30.09.1944;-0.624024380736554;;;0,199271179;1,089485493;0,860310862;0,76446126
31.10.1944;0.313971448757067;;;0,518518204;0,891586808;0,847897379;0,375768474
30.11.1944;0.391237807351974;;;0,157058868;1,1245061;0,804136491;0,419531235
31.12.1944;3.50740305487975;;;0,203413261;0,77372721;0,487363644;0,446026546
31.01.1945;1.43072694185293;;;-4,60175E-05;0,938353545;0,948066621;0,469356536
28.02.1945;6.16184043988244;;;0,304002361;0,788495282;0,689680816;0,292723992
31.03.1945;-4.82517849548475;;;-0,396212636;1,01789245;0,822735892;0,128465327
30.04.1945;9.03747631843026;;;-0,142738983;1,141382224;0,838108165;0,813005092
31.05.1945;1.14555306297823;;;0,453612343;0,932311705;0,558186652;0,36695077
30.06.1945;-0.932713798720464;;;-0,284061664;1,588291165;1,555934658;1,712692097
31.07.1945;-1.41223967560964;;;0,282461383;0,845372029;0,952604787;0,766602045
31.08.1945;5.79809270338958;;;0,313200264;0,483300596;0,831457865;0,73968831
30.09.1945;3.48161831212068;;;0,910345723;0,759034216;0,451046629;0,234106681
31.10.1945;3.73832031146946;;;0,034858284;1,228698103;0,54367348;0,074049281
30.11.1945;3.24324881621234;;;0,227405705;0,922077551;0,816550879;0,080537332
31.12.1945;0.988947475348434;;;0,308894015;0,530547926;0,349444075;0,411382938
31.01.1946;6.97004056411812;;;0,248531448;0,77481777;0,512510004;0,222465146
28.02.1946;-6.94668297995856;;;0,968063937;0,935415632;0,597713889;0,317875359
31.03.1946;4.39814929792905;;;0,65801976;0,912448462;0,203729501;0,057912342
30.04.1946;3.99112681161107;;;0,372771348;1,0374692;0,571041884;0,148895966
31.05.1946;2.23880634951878;;;0,41307809;0,872133277;0,687207251;0,561837455
30.06.1946;-3.91032319117123;;;0,181763055;1,149879036;0,88304687;-0,147996446
31.07.1946;-2.5501964889883;;;-0,091642588;0,77262671;0,400194077;0,162191255
31.08.1946;-7.29398403519377;;;-0,526436775;0,697746632;0,466484122;0,293032695
30.09.1946;-10.1501478624807;;;-0,446895666;0,979183302;0,418599353;0,791658
31.10.1946;-0.802138270408359;;;0,275523006;0,500605816;0,834744451;0,387646514
30.11.1946;-1.07816607659675;;;-0,768006767;1,314216351;0,627109581;0,047984051
31.12.1946;4.22343237513754;;;-0,210114109;1,381797965;0,853839916;0,901234327
31.01.1947;2.3529389031985;;;-1,447576187;1,187404979;1,024579746;0,946392796
28.02.1947;-1.46870718057086;;;-0,232909757;0,736960546;0,8238283;0,219525967
31.03.1947;-1.68503061399566;;;-0,043188695;0,669247104;0,326043713;-0,009881693
30.04.1947;-3.88925609506015;;;0,487599221;0,796767218;0,482612575;0,10291311
31.05.1947;-0.891633162696703;;;0,093257778;0,897221517;1,07767773;0,486421855
30.06.1947;5.25951722431535;;;0,098894909;0,927169539;0,901718517;0,566661392
31.07.1947;3.61604332252106;;;-0,36404265;1,048619784;1,114441472;0,61312177
31.08.1947;-2.79188152073292;;;0,133782411;0,784263415;0,411169957;0,41739901
30.09.1947;-1.3707574564634;;;0,622242652;0,908350443;1,062803189;0,767165722
31.10.1947;2.11780711958602;;;-0,101001505;1,000944102;0,817815751;0,46194422
30.11.1947;-2.91640151678096;;;0,09955426;1,017051397;0,59322154;0,772278778
31.12.1947;2.13618596980787;;;0,370546853;0,749165174;0,445333754;0,228290284
31.01.1948;-4.05228678320234;;;-0,225753312;0,658803232;0,988167058;0,314509206
29.02.1948;-5.1089917194046;;;0,124019176;0,76644817;0,657961228;0,425129978
31.03.1948;8.25556061260806;;;0,684962427;0,947215235;1,238202631;-0,075580518
30.04.1948;2.65251737767893;;;0,09509058;0,681089628;0,739091061;0,660641109
31.05.1948;7.81654410595987;;;-0,117978148;0,869187827;0,339001236;0,321679179
30.06.1948;0.299576006354929;;;0,330048455;0,899246366;0,575851755;0,458558936
31.07.1948;-5.31660335613606;;;0,08721133;0,96744361;1,155821948;0,35733358
31.08.1948;0.757097051551958;;;0,757583259;1,003195223;0,10767073;0,061104101
30.09.1948;-3.00563862169521;;;-0,771565654;1,285332695;1,273871171;0,399331088
31.10.1948;6.52033727440737;;;0,34057199;0,910833359;0,621504082;0,471440355
30.11.1948;-10.6060606060606;;;-0,074879898;1,011735929;0,606884453;0,335382187
31.12.1948;3.05084616450939;;;-0,626748673;0,748575538;0,296063803;0,088486883
31.01.1949;0.131581960622662;;;0,049610319;0,852822877;0,903793078;0,06250522
28.02.1949;-3.94218377754901;;;0,127035499;1,188190108;0,634479546;0,328716063
31.03.1949;3.00957959987556;;;-0,057044323;1,249484924;1,029923268;0,7055143
30.04.1949;-2.32403965283976;;;-0,026905936;1,135141875;0,742977239;0,487744732
31.05.1949;-3.53501329989919;;;0,148700145;1,221164309;0,922462013;0,402658073
30.06.1949;-0.211414614928274;;;0,831274341;0,75061234;0,753293762;0,376002271
31.07.1949;6.21469014070468;;;-0,156934173;1,052298854;0,390136884;0,090330015
31.08.1949;1.19681054276815;;;0,202922573;1,004307403;0,64654523;0,435714865
30.09.1949;2.36530650697238;;;0,363640249;0,857593557;0,735346714;0,383908496
31.10.1949;2.95250958969111;;;0,341498429;1,015220053;0,522876178;0,479913586
30.11.1949;0.124679234872604;;;0,613583969;0,787699022;0,788377406;0,483201766
31.12.1949;4.54546372266722;;;0,0797596;1,052655302;0,51033117;0,416761204
31.01.1950;1.54853071683134;;;1,091443856;0,882192391;0,950202723;0,441679353
28.02.1950;0.997067940768148;;;0,223177689;1,011617113;0,249537622;0,239353685
31.03.1950;0.406513385389995;;;0,0909131;1,029209328;0,8963244;0,285812546
30.04.1950;3.87506150068284;;;0,156958795;0,894166406;0,591396332;0,114742106
31.05.1950;4.56571071254555;;;-0,121485311;1,126301599;0,895885134;0,869683836
30.06.1950;-5.80404745865101;;;0,844055007;0,743810851;0,691777254;0,221931085
31.07.1950;0.847934505380521;;;0,210939861;0,860153248;0,304222582;0,161977586
31.08.1950;3.25112062076927;;;-0,216570498;0,928518236;0,729370406;0,483292511
30.09.1950;5.59175180444811;;;0,053711879;0,946963906;1,074740527;0,292408295
31.10.1950;0.411310645593854;;;0,425920387;0,607894643;0,64462888;0,487987875
30.11.1950;-0.102408894318928;;;-0,137841704;0,933186637;0,44183206;0,287443656
31.12.1950;4.71553083291107;;;0,014895795;1,131585175;0,850891751;0,635201197
31.01.1951;6.02055567235953;;;-0,187528702;1,064596977;0,943467401;0,379715115
28.02.1951;0.646349910594135;;;0,408229188;0,875861261;1,18811539;0,399406851
31.03.1951;-1.46788855973999;;;0,10851253;0,829160437;0,38543707;0,127164827
30.04.1951;4.42272245430666;;;-0,066905478;0,820895538;0,864683033;0,28375349
31.05.1951;-4.05706569340583;;;-0,235811821;1,213772965;0,801245324;0,496488758
30.06.1951;-2.6022368093816;;;-0,002230142;0,933593383;0,369302363;0,508828556
31.07.1951;6.87023185570834;;;-0,005387915;0,821258242;0,43543113;0,257331941
31.08.1951;3.92857626384626;;;-0,341201861;1,058732617;0,769430508;0,374642116
30.09.1951;-0.0859126167257585;;;-0,093655564;0,94714668;0,345646878;0,33749491
31.10.1951;-1.37575103901709;;;0,20757189;0,849539119;0,198541415;0,52229612
30.11.1951;-0.261557854813188;;;0,254633636;0,672514937;0,660628853;0,281557764
31.12.1951;3.88986595123306;;;-0,192469865;1,002764094;0,516273008;0,340579477
31.01.1952;1.55657940580274;;;0,767726748;1,113321639;0,87976746;0,638295135
29.02.1952;-3.64539843834444;;;-0,086496288;0,881111045;1,006538257;0,287341036
31.03.1952;4.77214359169815;;;0,632655593;0,887528792;1,151969517;0,771903432
30.04.1952;-4.30858066577814;;;0,347620476;1,173022359;0,751722505;0,829912196
31.05.1952;2.31561287561763;;;0,463733444;0,967094028;1,049573531;0,246476165
30.06.1952;4.61021980713556;;;-0,734738144;1,145403974;1,122576761;0,420852131
31.07.1952;1.76282271713437;;;-0,385909634;1,416811901;0,702983363;-0,025840248
31.08.1952;-1.45668873008501;;;0,294308528;0,918790345;0,498790204;0,020329622
30.09.1952;-1.95764985088314;;;0,230941204;1,29614204;1,076479608;0,223795327
31.10.1952;-0.0815014548390502;;;-0,241005784;1,074726858;0,607431922;0,385328144
30.11.1952;4.64926332938744;;;-0,524304788;1,006552745;0,507395133;-0,20928531
31.12.1952;3.54637510843121;;;0,034083536;0,931590988;0,515768836;0,435754209
31.01.1953;-0.715094227474267;;;0,935334522;1,150451222;0,839384577;0,379265115
28.02.1953;-1.81955859555221;;;0,36990092;0,852482389;0,414060228;0,319549442
31.03.1953;-2.35520738219047;;;-0,455811928;1,102507665;0,551632994;0,495453635
30.04.1953;-2.64926869133715;;;0,28521208;0,810571823;1,144656698;-0,105971775
31.05.1953;-0.324938752961257;;;0,63816565;1,170051133;0,710459591;0,896327049
30.06.1953;-1.62999800715496;;;0,411948396;1,078458538;0,545312052;0,371744623
31.07.1953;2.52692885573618;;;0,487386743;0,975687342;0,418281265;0,279429495
31.08.1953;-5.77777901081124;;;0,12699041;1,219616159;0,881437231;0,032416123
30.09.1953;0.128647886098232;;;-0,525124975;1,06163314;0,207942623;0,471808759
31.10.1953;5.0963619469659;;;-0,393582034;1,124971519;0,529655968;0,508434542
30.11.1953;0.89649268601002;;;0,570207894;0,892686124;0,438042976;0,147834216
31.12.1953;0.201935527456998;;;0,155019489;1,07576158;0,801742727;0,182689963
31.01.1954;5.11890562314219;;;0,34571453;0,798314548;0,810619021;0,002953815
28.02.1954;0.268403738608103;;;-0,037323032;0,98825991;0,5923742;0,527824366
31.03.1954;3.02103604991082;;;0,346174451;0,944871649;0,799780126;0,429163055
30.04.1954;4.89977605291978;;;0,123804182;1,090330945;0,698256483;0,86774343
31.05.1954;3.29087154155547;;;-0,393234647;0,786086355;0,289913179;0,142147504
30.06.1954;0.0685116479929748;;;-0,570763299;1,151889344;0,657676764;0,624217146
31.07.1954;5.71722057047814;;;0,247919873;0,752640404;0,819752326;0,244938256
31.08.1954;-3.40025668910828;;;0,180849002;1,362705972;0,796020633;0,970358823
30.09.1954;8.31378295651315;;;0,075998806;0,871309215;0,186985325;0,007728134
31.10.1954;-1.9498639471926;;;0,214105955;0,748222345;0,453231548;0,232380311
30.11.1954;8.08081233784828;;;-0,119080993;0,966754391;0,600464754;0,472677816
31.12.1954;5.08176921283214;;;0,3765478;1,042342168;0,700099261;0,405373827
31.01.1955;1.8065634634483;;;0,306234339;0,625944474;0,585184598;0,145772665
28.02.1955;0.354892846375376;;;-0,137435796;1,195521572;1,091063932;0,552010681
31.03.1955;-0.489653152059799;;;0,334908356;0,905836948;0,449357302;0,314371546
30.04.1955;3.77254561055385;;;0,911186096;0,905712857;1,154100988;0,257544197
31.05.1955;-0.131715590796733;;;0,070983304;0,741163862;0,448827995;0,420442276
30.06.1955;8.23001568040826;;;0,183333482;1,008282317;1,213513272;0,507716173
31.07.1955;6.0687344687985;;;0,22843834;0,718510314;0,53663607;0,361852613
31.08.1955;-0.781250342397999;;;0,218712332;0,650822524;0,489013861;0,308053453
30.09.1955;1.134779667222;;;0,465943553;0,908484348;0,824593468;0,30251274
31.10.1955;-3.04556462588361;;;0,273348366;0,533230614;0,53727968;-0,058913031
30.11.1955;7.48700556807049;;;0,041717256;0,82645247;0,436859515;0,14907105
31.12.1955;-0.065916898271301;;;0,22592763;0,724028922;0,248913561;0,405411689
31.01.1956;-3.64995572585813;;;0,732880705;0,88703024;0,658011906;0,281258144
29.02.1956;3.4687368059092;;;0,247940501;1,145867102;0,789324271;0,072856685
31.03.1956;6.92545076991848;;;0,352782331;0,844521035;0,589730336;0,197400555
30.04.1956;-0.206267481570366;;;-0,294961438;0,855479927;0,602956289;0,394106647
31.05.1956;-6.57296452039882;;;0,201570126;0,847208481;0,774245662;0,196750359
30.06.1956;3.91593015019358;;;-0,217340952;0,868188081;0,992810329;0,261187153
31.07.1956;5.15222079210558;;;1,110236331;0,962012607;0,885919195;0,283424504
31.08.1956;-3.80644075996741;;;0,225187369;0,882821371;0,903476954;0,253881657
30.09.1956;-4.54641112128418;;;0,229360798;0,875519831;0,851364593;0,31012932
31.10.1956;0.507173902254587;;;0,146442739;0,933449505;0,592152282;0,52233401
30.11.1956;-1.09697231222869;;;0,347778859;0,8565728;0,571637945;0,296592486
31.12.1956;3.52705473227224;;;0,271079769;0,940391856;0,548478669;0,418120821
31.01.1957;-4.1782666054179;;;0,722771848;0,650857224;0,524491571;0,197797857
28.02.1957;-3.26476489113783;;;0,047549433;0,777839388;0,498754537;0,324658021
31.03.1957;1.96486898242727;;;0,035192819;1,137883428;1,224435155;0,068000252
30.04.1957;3.69530955692781;;;0,266267982;1,266207841;0,884921143;0,480069044
31.05.1957;3.69479353890052;;;-0,590356228;0,873935943;0,756985511;0,264401817
30.06.1957;-0.12650510838067;;;0,299248637;1,020752743;0,670097549;0,308546761
31.07.1957;1.13996395968645;;;-0,032940029;1,14825907;0,746205097;0,625720003
31.08.1957;-5.61469136981073;;;0,532885594;0,643203722;0,208208555;0,228894314
30.09.1957;-6.19195704593631;;;0,551894067;1,015469949;0,600461687;0,281314868
31.10.1957;-3.20602747373506;;;-0,428785606;1,002570453;1,030075317;0,406306395
30.11.1957;1.60740337393517;;;-0,46635094;0,990322363;0,758362004;0,78157946
31.12.1957;-4.14669101538241;;;0,413887147;0,977677353;0,973463033;0,311338647
31.01.1958;4.27606654838784;;;0,62083469;0,803173829;0,825626633;0,175150769
28.02.1958;-2.06235154584429;;;0,726847409;1,108195439;0,47798117;0,286915015
31.03.1958;3.08520645647785;;;1,66492242;0,708871509;0,88101431;0,156231461
30.04.1958;3.18289834003578;;;0,171385643;0,965065371;0,397111077;0,142505522
31.05.1958;1.49632031866422;;;0,580033519;0,929570032;0,816674077;0,271070313
30.06.1958;2.60830465388739;;;0,795721131;0,958340244;0,878089561;0,430840913
31.07.1958;4.31033792195976;;;0,245160669;0,897322347;0,585995752;0,682026099
31.08.1958;1.18669504044882;;;0,397514046;0,943585885;0,908429127;0,360503369
30.09.1958;4.83769921108066;;;0,385772936;0,927983682;0,908561324;-0,365281094
31.10.1958;2.5369564980501;;;0,293159893;0,941865736;0,449964012;0,185193097
30.11.1958;2.24040068217159;;;0,279531558;0,957023256;0,677929058;0,413524519
31.12.1958;5.20198088042894;;;-0,052607357;0,972637385;0,603701889;0,133018212
31.01.1959;0.434706905355298;;;0,213315655;0,700043975;0,698752908;0,457722309
28.02.1959;-0.072138710508507;;;0,021733877;1,119229335;0,73260103;0,232638801
31.03.1959;0.0541396487628409;;;0,309719631;0,671411314;0,616295293;0,266398012
30.04.1959;3.87806922643594;;;-0,439589208;1,048357737;0,566184942;0,079076563
31.05.1959;1.89268996301419;;;-0,63346529;1,361894342;1,170430873;0,134465338
30.06.1959;-0.357871648569386;;;0,622886738;0,956691282;0,87479966;0,540185572
31.07.1959;3.48896367066904;;;-0,088502559;0,935619273;0,760559569;-0,041763217
31.08.1959;-1.50388344514013;;;-0,263996222;0,933391397;0,456653069;0,299062558
30.09.1959;-4.5637541537638;;;0,890377334;0,816185082;1,236799269;0,573449533
31.10.1959;1.12517471453986;;;0,389543492;1,036403663;1,288762678;0,177334931
30.11.1959;1.32127662636454;;;0,314639989;1,125787857;0,693159207;0,529268857
31.12.1959;2.76252684295437;;;0,359244099;0,965567254;0,34618348;0,173352052
31.01.1960;-7.14643316566245;;;-0,409460277;1,054754944;0,890280808;0,514169061
29.02.1960;0.917098212436041;;;0,101551101;0,976763021;0,328542185;0,367382172
31.03.1960;-1.38987668236343;;;0,018567072;0,698117476;0,396728702;-0,123172362
30.04.1960;-1.75280306835663;;;0,250134266;0,785716667;0,704438554;0,445865007
31.05.1960;2.68530978085733;;;0,369038124;1,063040007;0,419076984;0,470241539
30.06.1960;1.95234874107479;;;0,269615744;0,793078922;0,499794547;0,463478901
31.07.1960;-2.47716073923099;;;0,021341859;0,972639953;0,892288148;0,154876043
31.08.1960;2.61214340980618;;;0,456921721;0,910122368;0,600495894;0,395412398
30.09.1960;-6.03932352879326;;;-0,070466968;1,05480545;0,215697441;0,099303757
31.10.1960;-0.242901844176602;;;-0,349943452;0,945487194;0,565949176;0,381113473
30.11.1960;4.0269742469706;;;-0,08604468;0,909340218;0,459802044;0,295540177
31.12.1960;4.6272950170329;;;-0,027123266;0,7015415;0,813866618;0,216623718
31.01.1961;6.31560511168114;;;0,370728951;0,996052443;0,707914893;0,369584252
28.02.1961;2.68695351280646;;;-0,2529989;0,881063983;0,953325852;-0,023267562
31.03.1961;2.55359231865231;;;0,144510072;1,242725566;1,043565943;0,734756617
30.04.1961;0.384260696866523;;;0,328720283;0,815138059;1,153645181;0,475620392
31.05.1961;1.91394893083336;;;0,630986591;0,890056457;0,025889254;0,207561322
30.06.1961;-2.88461273943874;;;0,739136372;0,862267117;0,524657433;0,4412541
31.07.1961;3.27970725030906;;;-0,060226235;1,008239221;0,547595935;0,41924693
31.08.1961;1.96224912623664;;;-0,381630057;1,235264439;1,113475945;0,841316797
30.09.1961;-1.96855640355249;;;0,109003804;0,917785925;0,391735325;0,109143054
31.10.1961;2.83230824901803;;;0,434991903;0,949156767;0,843786209;0,124960279
30.11.1961;3.93470830686709;;;-0,384388099;1,149473788;0,444580025;0,252593171
31.12.1961;0.322494893322722;;;0,640270698;0,874869273;0,457664686;0,418081286
31.01.1962;-3.78757036796605;;;0,12287743;1,032787769;0,37533118;0,166686622
28.02.1962;1.62696514550156;;;0,616540934;1,020037917;0,200082186;0,18458903
31.03.1962;-0.586043507833378;;;0,098309048;0,893334092;0,680425838;0,309098979
30.04.1962;-6.19698777695359;;;0,794276843;1,440770422;0,760110991;0,519238679
31.05.1962;-8.59901437668464;;;0,676490132;1,137486162;0,806705894;0,454085284
30.06.1962;-8.18380174526715;;;-0,007022402;0,811892057;0,129127115;0,340289549
31.07.1962;6.35616354746362;;;-0,091054887;1,115616926;0,633451638;0,47705607
31.08.1962;1.52842073955863;;;0,19642172;0,938143393;0,432981781;0,289607888
30.09.1962;-4.8207011596951;;;0,828995579;0,920996452;0,611365613;0,223592486
31.10.1962;0.444286472305344;;;-0,152086284;0,860416745;0,114982217;-0,122217066
30.11.1962;10.1556932365189;;;0,444344734;0,584728174;0,915021003;0,275312739
31.12.1962;1.34918113593552;;;-0,374215549;1,091829315;0,182328939;0,444360157
31.01.1963;4.91283446764659;;;0,454871001;0,790424619;0,12063984;0,313524638
28.02.1963;-2.88519051474905;;;0,297245372;0,856840348;0,641297068;0,518297904
31.03.1963;3.54642828873597;;;0,664926317;1,019499604;0,760696008;0,421324719
30.04.1963;4.85204051635999;;;-0,060922033;0,883881313;0,778470879;0,325439491
31.05.1963;1.43266469380881;;;-0,688341496;1,263626211;0,531034726;0,239753529
30.06.1963;-2.01977435527847;;;-0,161477944;0,753759076;0,222489838;0,266747131
31.07.1963;-0.345978785730827;;;0,308351837;0,952392834;0,54982844;0,339168722
31.08.1963;4.87487759362728;;;0,649977558;0,996197257;0,938311944;0,473867501
30.09.1963;-1.10345248518319;;;-0,046682286;1,144930206;0,488255718;0,204758231
31.10.1963;3.22176469499127;;;0,712255128;0,985179458;0,759209346;0,446201628
30.11.1963;-1.05390995376696;;;0,018289725;0,876254928;0,709600133;0,536921489
31.12.1963;2.44434412683026;;;0,105848773;0,847384989;0,33542477;0,125379901
31.01.1964;2.69262111816908;;;-0,456533051;1,15916514;1,411490763;0,852993925
29.02.1964;0.98650328037222;;;-0,132173429;0,837172973;0,773866609;0,403230643
31.03.1964;1.51670984433094;;;0,417458061;0,771770272;0,683329954;0,566104555
30.04.1964;0.607743361784663;;;0,486602146;1,046631681;0,829816291;0,664059094
31.05.1964;1.14523492649674;;;-0,297991769;1,109864954;0,843046356;0,396032053
30.06.1964;1.64240344620412;;;-0,042441972;0,890684646;0,946934637;0,305494951
31.07.1964;1.82396599245822;;;0,082845391;1,062979435;0,753528513;0,220619341
31.08.1964;-1.62298445439786;;;0,150518914;1,016064796;0,906235357;-0,054237056
30.09.1964;2.87180547664276;;;-0,401893283;1,124365155;0,83295836;0,464785811
31.10.1964;0.807793184498218;;;0,196558621;1,367042814;0,958291053;0,779210725
30.11.1964;-0.518503933822245;;;0,717919824;0,888301141;1,460058492;0,132007338
31.12.1964;0.390904807169346;;;0,536994971;0,937872366;0,752625667;0,28125606
31.01.1965;3.31563133757375;;;0,393429747;1,188332895;0,647058885;0,271278714
28.02.1965;-0.148466488171128;;;-0,775143274;0,78237583;0,814451235;0,405050751
31.03.1965;-1.45258679930625;;;0,640261166;0,905775573;0,930267677;0,408230859
30.04.1965;3.42385889375201;;;0,372427731;0,848025778;0,742626263;0,726722938
31.05.1965;-0.774326603838105;;;-0,865341969;0,877276323;0,38747346;0,612964742
30.06.1965;-4.86314805633361;;;-0,143871776;0,840674626;0,649157403;0,420429318
31.07.1965;1.3433157590617;;;0,063851906;0,947216499;0,433413049;0,443169754
31.08.1965;2.252197265625;;;0,024241701;0,688361668;0,678119544;0,302279086
30.09.1965;3.20064354036123;;;0,38381815;0,653388485;0,495489145;0,427409314
31.10.1965;2.73454769843062;;;0,20349033;0,865651326;0,340592653;0,300011873
30.11.1965;-0.876431048086646;;;-0,567440884;1,261420447;0,560598413;0,701434097
31.12.1965;0.895098449253329;;;-0,353326892;1,04098115;0,389666293;-0,245879044
31.01.1966;0.486851613931005;;;0,760162282;0,84211786;0,850442652;0,774989019
28.02.1966;-1.78724815008945;;;0,507541388;1,054737952;0,549697379;0,435424077
31.03.1966;-2.18153676511669;;;0,192737252;0,798858623;0,913589724;0,683566339
30.04.1966;2.05087317361168;;;0,835565072;0,820552332;0,64448216;0,3392843
31.05.1966;-5.41401321914544;;;0,466100673;1,084117419;0,942682287;-0,022994065
30.06.1966;-1.61383888769748;;;0,556832016;0,839736338;0,998830591;0,324913156
31.07.1966;-1.34529079347055;;;-0,265184537;1,216792141;0,613219337;0,185734951
31.08.1966;-7.77511975913745;;;-0,767413863;1,406825305;0,529903933;0,03706198
30.09.1966;-0.700390306374121;;;-0,311344526;1,079838376;0,545977979;0,185770507
31.10.1966;4.75444031573098;;;-0,205030232;0,933320898;0,566799429;0,348849802
30.11.1966;0.311720710115915;;;0,074968136;1,289242975;1,05397454;0,343629725
31.12.1966;-0.149154905828897;;;0,524920293;0,789134068;0,547625209;0,479489091
31.01.1967;7.817750076123;;;-0,342590766;0,842792698;1,363362115;0,549438317
28.02.1967;0.196280068984311;;;0,310902716;1,143563376;0,831660531;0,166974302
31.03.1967;3.94099817590827;;;0,677476466;0,978705179;0,75297135;0,784832136
30.04.1967;4.22395267948237;;;0,699689654;0,627497515;0,898417677;0,154550328
31.05.1967;-5.24412317109799;;;-0,017592448;0,912075486;0,303159138;0,418141866
30.06.1967;1.75123206839665;;;-0,195617015;1,0696293;0,978967069;0,42091591
31.07.1967;4.53442259270465;;;0,115432233;0,997720714;0,983079816;0,239748628
31.08.1967;-1.17150460195415;;;0,521961805;0,842655034;0,899984377;0,263690666
30.09.1967;3.27851315125447;;;-0,772362717;1,236088122;0,783286791;0,529452519
31.10.1967;-3.5260015148344;;;0,790189091;1,124143499;0,982831216;0,226133593
30.11.1967;0.750264657391142;;;-0,386679275;0,879729855;0,244725476;0,393388141
31.12.1967;2.62766087308843;;;-0,042567283;1,165859241;0,853379552;0,595588287
31.01.1968;-4.38478625832732;;;0,423058991;0,870492819;0,850229319;1,05448988
29.02.1968;-3.12228677376107;;;0,379595346;0,809508807;0,910683894;0,653533082
31.03.1968;0.940013800529593;;;0,884731553;1,034320564;0,98933504;0,359233906
30.04.1968;8.04878312844772;;;0,269374934;1,199289467;0,772719107;0,624578808
31.05.1968;1.25179687273103;;;0,197814845;0,901199145;1,3369396;0,352882159
30.06.1968;0.912040457129693;;;0,819068934;0,838158967;0,885729384;0,144244754
31.07.1968;-1.84776454453864;;;-0,817238943;1,392113224;0,833176317;0,221783707
31.08.1968;1.14590011362912;;;0,165495671;0,902877837;0,633059089;0,402611572
30.09.1968;3.85393236402105;;;0,256134061;0,997069437;0,47914973;0,153579188
31.10.1968;0.720761182781327;;;-0,22071549;0,93827745;0,46826118;0,580622795
30.11.1968;4.79644029477011;;;-0,407519136;0,929096399;0,647822642;0,514901535
31.12.1968;-4.16167022416424;;;0,529277977;1,02265805;0,783514478;0,358422922
31.01.1969;-0.818407923287046;;;0,456106963;0,930778894;0,844773653;0,624503924
28.02.1969;-4.73740877741048;;;-0,139573583;1,038900925;1,167694406;0,144655863
31.03.1969;3.44441554816692;;;0,260177039;0,631597856;0,106440938;0,161296585
30.04.1969;2.1475719232575;;;-0,247938654;0,731965838;0,908954887;0,594374617
31.05.1969;-0.221818257805095;;;0,519938361;0,855898219;0,391396095;0,331608524
30.06.1969;-5.55770350945515;;;0,294475423;1,0145104;0,768301034;0,276803665
31.07.1969;-6.0178050440207;;;0,898295391;0,902009412;1,128068327;0,182092821
31.08.1969;4.00740523989764;;;0,252039408;0,922268936;0,359544187;0,310106429
30.09.1969;-2.50235507925073;;;0,605550274;0,95050935;0,878784087;0,066716665
31.10.1969;4.29553251935102;;;1,031836863;1,113308098;1,04173711;0,071618483
30.11.1969;-3.40816010541636;;;-0,849508474;0,708403648;0,376267686;0,281963529
31.12.1969;-1.8654728126466;;;0,211568161;0,861564744;0,820612025;0,836216794
31.01.1970;-7.64718781471461;;;0,4177226;0,795984819;0,698262081;0,342461661
28.02.1970;5.26935254507441;;;-0,144507643;1,173816317;0,48824431;0,562676376
31.03.1970;0.145248327841307;;;-0,153813536;0,830916711;0,598475152;0,276338584
30.04.1970;-9.04831067596881;;;-0,257971475;0,616492752;0,675637856;0,041727214
31.05.1970;-6.09665578504574;;;0,033461688;0,682754581;0,254767264;0,030066223
30.06.1970;-5.00326803183157;;;0,055349577;0,712982081;0,626155569;0,54644504
31.07.1970;7.32948534321154;;;-0,23327281;1,080342013;0,696223498;0,145762928
31.08.1970;4.44585964847113;;;-0,694025771;1,03273838;0,556080847;0,808324592
30.09.1970;3.41021408632241;;;0,217682639;1,125859871;0,624636186;0,823535703
31.10.1970;-1.24555517644898;;;-0,176816953;0,565074545;0,605721929;0,039572017
30.11.1970;4.74474107896961;;;-0,270062777;0,884291372;0,583438716;0,348132624
31.12.1970;5.67661095283616;;;-0,077422064;0,792493369;0,642311241;0,434564232
31.01.1971;4.04774353312578;;;0,406973547;0,952409885;0,982470632;0,157545989
28.02.1971;0.907387120884606;;;0,297508273;0,821164484;0,358977623;0,374500598
31.03.1971;3.67958403989017;;;0,717675243;1,095726663;1,176159875;0,523469006
30.04.1971;3.62875035214931;;;-0,422930945;1,239858529;0,664835052;0,730076994
31.05.1971;-4.15584398427178;;;0,100506086;1,31361489;0,353062478;0,232857588
30.06.1971;-0.933454111024656;;;-0,078180543;1,04543172;0,590382537;0,446667241
31.07.1971;-3.1610893755383;;;0,45247267;0,873541202;0,565842968;0,127574949
31.08.1971;3.6095384831027;;;0,419217261;0,995777798;0,707770723;0,430344798
30.09.1971;-0.696761031921267;;;0,070781414;1,063923601;0,592806878;0,260044078
31.10.1971;-4.17937068742135;;;0,76512738;1,047816273;0,853709431;0,16325215
30.11.1971;-0.254701777155786;;;0,295838003;1,263216612;1,264196388;0,138758226
31.12.1971;8.61793665094168;;;0,117034633;1,068334434;0,964975055;-0,020849493
31.01.1972;1.81213259856783;;;-0,033475612;0,947265148;0,531186268;0,219960162
29.02.1972;2.53030324383585;;;-0,439560951;0,975057691;1,218775025;0,76966051
31.03.1972;0.591158163856664;;;0,208495585;0,950453264;0,847995478;0,236395416
30.04.1972;0.438433987017794;;;0,142650098;0,679230775;0,103739057;0,002455886
31.05.1972;1.72750129282349;;;0,58120092;0,56105986;0,440390748;-0,059077619
30.06.1972;-2.18205004682259;;;0,244864277;0,879124418;0,671996057;0,56045122
31.07.1972;0.23333955705076;;;0,684464957;1,062307573;0,626692709;-0,043457236
31.08.1972;3.44538315417742;;;0,671605409;0,813314497;0,77332428;0,59287614
30.09.1972;-0.486086329943136;;;0,797163466;0,749984849;0,644063054;0,213459357
31.10.1972;0.931703980880627;;;0,405065179;1,055255376;0,689757983;0,432850996
30.11.1972;4.56174606055078;;;-0,003338881;0,981214676;0,62716637;0,738778651
31.12.1972;1.18282755161629;;;-0,114933194;1,113823897;0,646329431;0,29677755
31.01.1973;-1.71114292269462;;;0,779450953;1,034028414;1,004554;0,40312006
28.02.1973;-3.74902914753564;;;-0,509712112;0,944829186;0,849309638;0,417158049
31.03.1973;-0.143269754362596;;;-0,105883222;0,971945353;0,950011578;0,298164349
30.04.1973;-4.07998167084429;;;0,146262168;1,049422729;0,559072821;0,294905279
31.05.1973;-1.88838389212805;;;0,864007239;0,726247219;0,574490051;0,260986985
30.06.1973;-0.657451007218224;;;0,406680691;0,949083558;0,754038919;0,458739676
31.07.1973;3.79819585971075;;;-0,293195875;0,751215681;0,753404778;0,602982734
31.08.1973;-3.66845423759212;;;0,280278274;1,260658138;0,934314606;0,274417954
30.09.1973;4.00959261887366;;;1,082115932;0,992793789;0,895044064;0,042028845
31.10.1973;-0.129114995162238;;;-0,035246329;0,944489166;0,738591285;0,672135071
30.11.1973;-11.386094493316;;;-0,091652886;1,25226453;0,694775154;0,520705617
31.12.1973;1.65694454194971;;;-0,59934885;0,961035202;0,419700178;0,361907874
31.01.1974;-1.00461642878025;;;0,151745401;1,01407649;0,793557123;-0,168158732
28.02.1974;-0.362429817983989;;;0,765102819;1,117930693;0,875848697;0,620809173
31.03.1974;-2.32799608745751;;;-0,72143178;0,850394891;0,501072218;0,677360587
30.04.1974;-3.90509221882155;;;-0,764859957;1,142730068;0,59172604;0,695814409
31.05.1974;-3.35510891507996;;;-0,137281436;0,556366628;0,625736611;0,616447846
30.06.1974;-1.46654307653415;;;-0,807599978;1,139962247;0,517774821;0,280952735
31.07.1974;-7.77907260628634;;;-0,031140895;1,118858254;0,873910668;0,377142425
31.08.1974;-9.02786061419947;;;-0,000779285;1,063387494;0,906539011;0,688777258
30.09.1974;-11.9334725270426;;;0,241798423;0,901375042;0,352938177;0,361191679
31.10.1974;16.3046906847303;;;0,195092689;0,832857575;0,561338659;0,393342806
30.11.1974;-5.31799759679239;;;-0,566792421;0,823992969;0,371550369;0,369453571
31.12.1974;-2.01515454839263;;;0,805433467;0,96616034;1,078858947;0,229474412
31.01.1975;12.2812224302427;;;0,14855244;0,788041919;0,371826782;0,195223941
28.02.1975;5.98855908018328;;;0,162661965;0,939221398;0,777241596;0,449830793
31.03.1975;2.16938883675246;;;0,216009708;0,799738733;0,716608602;0,355469067
30.04.1975;4.72649041813584;;;-0,087154478;0,882494164;0,495939931;0,477819928
31.05.1975;4.41007828125566;;;-0,24064924;1,088479719;0,615999373;0,55992165
30.06.1975;4.43225545572845;;;-0,17804246;0,930419258;0,130652861;0,294839164
31.07.1975;-6.76541892660457;;;-0,180714092;1,094796317;0,841940905;0,222980075
31.08.1975;-2.10704534826144;;;0,453349886;0,969328255;0,95575274;0,433527812
30.09.1975;-3.4645425897703;;;-0,026050411;0,933105949;0,564018867;0,66908448
31.10.1975;6.16429951071631;;;-0,069205274;1,047258958;0,711683111;0,537800485
30.11.1975;2.47079618780477;;;-0,219120081;1,061684655;0,830310096;0,287768767
31.12.1975;-1.15080605759224;;;0,337055238;0,695802593;0,585758145;0,23482711
31.01.1976;11.8305775364373;;;0,238566256;0,911220756;0,952985048;0,623354694
29.02.1976;-1.14019583474093;;;0,362047459;0,753387205;1,04113258;0,576133105
31.03.1976;3.0688973891188;;;0,785924914;0,872241296;0,639672982;0,592119159
30.04.1976;-1.09954003145742;;;0,825097756;0,76003985;0,983602434;0,220810724
31.05.1976;-1.43644145340417;;;-0,595666152;1,159586603;1,077830584;0,479397425
30.06.1976;4.09263172452723;;;0,464041873;0,739718771;1,006419108;0,546781106
31.07.1976;-0.805520087958989;;;0,255994742;0,62635673;0,577654193;0,010051086
31.08.1976;-0.512373131078658;;;-0,177434525;1,024338315;0,795480244;0,606345618
30.09.1976;2.26410855965993;;;0,548578605;0,620710179;0,580860353;0,353708786
31.10.1976;-2.22348573298119;;;0,131878828;0,860424487;0,7595578;0,489687823
30.11.1976;-0.777456792900644;;;0,153838465;0,789560039;0,520008953;0,378246475
31.12.1976;5.24975581827276;;;-0,040720427;0,766713856;0,401103051;0,187355849
31.01.1977;-5.05304331978204;;;-0,147285634;0,732396013;0,503263356;0,459803173
28.02.1977;-2.16602872774031;;;0,331568183;0,840863545;0,232027153;0,106929226
31.03.1977;-1.40252607709785;;;0,334656425;1,124155673;0,66166355;0,23527814
30.04.1977;0.0203254143803067;;;0,563052903;0,934100444;0,639472171;0,488644407
31.05.1977;-2.35676517400041;;;0,45961346;1,107486883;0,80084742;0,179889916
30.06.1977;4.53599717620337;;;-0,069305524;0,698908455;0,745875973;0,451283455
31.07.1977;-1.6222181810865;;;-0,159902643;0,814641215;0,209306488;0,320686615
31.08.1977;-2.10420016506043;;;0,37522676;1,124109754;0,747156756;0,569250088
30.09.1977;-0.248008548201939;;;0,056614793;0,94659075;0,742447091;0,429765798
31.10.1977;-4.34062208058879;;;0,21403074;1,034755366;0,629007518;0,333761733
30.11.1977;2.69656226111665;;;0,775797727;0,999892941;0,650553246;0,44507262
31.12.1977;0.284716479861946;;;-0,364165161;0,900716062;0,68916235;0,669963816
31.01.1978;-6.15141805255971;;;-0,301799133;0,908595782;0,419302887;0,040262549
28.02.1978;-2.47618945038953;;;0,398141271;0,912452634;0,548160506;0,428303533
31.03.1978;2.49310448773008;;;-0,545431194;0,755931953;0,663163906;0,03948892
30.04.1978;8.54164647997213;;;0,209857158;0,949719337;0,789670301;0,14580907
31.05.1978;0.423418387856889;;;-0,088162732;0,877284115;0,46245419;0,711197739
30.06.1978;-1.7585346791845;;;0,096960605;0,594096833;0,692907289;0,476347764
31.07.1978;5.39097832271198;;;0,286034406;1,168137773;0,817721316;0,44793893
31.08.1978;2.59237246964668;;;-0,529933615;0,936554938;0,763413372;0,294194158
30.09.1978;-0.726110943317126;;;0,572703664;0,710217014;0,994508403;0,630328279
31.10.1978;-9.15740131247311;;;-0,886386879;0,979876428;0,760681012;0,204330686
30.11.1978;1.66397788188191;;;-0,235154816;0,97177308;0,336633762;0,666516214
31.12.1978;1.48891626984953;;;0,56550764;0,909213093;0,501576452;0,440203476
31.01.1979;3.97461208049643;;;0,029804427;0,740090933;0,639430973;0,85083094
28.02.1979;-3.65255830554606;;;-0,18432107;1,085976501;0,54188813;0,198261355
31.03.1979;5.51516163888399;;;0,604635823;1,010609604;0,524147339;0,162747466
30.04.1979;0.167345018671328;;;0,611282605;0,889426825;0,707496524;0,188271513
31.05.1979;-2.633648043352;;;0,48805504;0,555408986;0,658547247;0,528689493
30.06.1979;3.86556495788664;;;-0,294120783;1,042828437;0,497444696;0,392430911
31.07.1979;0.874544616128259;;;0,460217822;0,860010281;0,598195252;0,325560429
31.08.1979;5.30777600020695;;;-0,799171664;1,503424808;0,976810841;0,514720551
30.09.1979;0;;;0,026784597;1,12505977;0,512310121;0,435580106
31.10.1979;-6.86059277436596;;;-0,158808997;0,726246444;0,45883828;0,06785186
30.11.1979;4.26242779443435;;;0,394144084;0,744679895;0,68911851;0,251585071
31.12.1979;1.67671318565732;;;-0,296558253;1,15105731;0,782895474;0,257206415
31.01.1980;5.76246162684642;;;0,344514555;0,714741936;0,706758275;0,502535106
29.02.1980;-0.437981765908046;;;-0,274126889;0,972798046;0,690144561;0,519145399
31.03.1980;-10.1794887835956;;;-0,012470964;1,023859278;0,843484226;0,572792375
30.04.1980;4.11402167528327;;;0,03434531;1,018540078;0,736457305;0,27836444
31.05.1980;4.6570673681489;;;0,113916753;1,054630567;1,006645281;0,592989344
30.06.1980;2.69687168070065;;;0,037429226;1,056886562;1,070793944;0,508570281
31.07.1980;6.50385192937066;;;-0,724611432;1,005292522;0,361412265;0,17675086
31.08.1980;0.583544912597755;;;-0,992628551;0,934602655;0,831005996;0,612848008
30.09.1980;2.51675265580926;;;0,13269989;0,977078399;0,46481536;-0,041699253
31.10.1980;1.60210597074619;;;0,071594021;0,994742201;0,881531013;0,251739292
30.11.1980;10.2377052849971;;;0,610876023;0,900236611;0,628392872;0,20717159
31.12.1980;-3.3874250077559;;;0,205120795;0,922563138;0,544341396;0,520263689
31.01.1981;-4.57424256507718;;;0,315357717;0,823006787;0,540907057;0,496091039
28.02.1981;1.32767362422674;;;0,350602959;0,419005682;0,292724252;0,2969234
31.03.1981;3.6032570835616;;;0,8915054;0,814061211;0,735199581;0,530733092
30.04.1981;-2.34559003044578;;;0,249607654;0,923050786;0,324604016;0,356827541
31.05.1981;-0.165651099124575;;;-0,081102711;1,02828749;0,947193847;0,683397027
30.06.1981;-1.04079467692773;;;-0,536178111;1,25510197;0,861676145;0,584560349
31.07.1981;-0.221026240440869;;;-0,137395454;1,112592807;0,362274063;0,324511793
31.08.1981;-6.20989716401206;;;0,041300291;0,946356376;0,865311152;0,598879573
30.09.1981;-5.38317498254509;;;0,314484191;0,983289389;0,489756318;0,383677634
31.10.1981;4.91478659792901;;;0,655247687;1,128289689;0,563825675;0,455663508
30.11.1981;3.65903610370468;;;0,015835565;0,94023795;0,410603222;0,372221442
31.12.1981;-3.00751521033187;;;0,508160981;0,731534072;0,540796022;0,34545395
31.01.1982;-1.75438716633151;;;0,390590253;0,94976032;0,487243605;0,267169107
28.02.1982;-6.05481795941707;;;0,606637997;0,991064247;0,952555504;0,200169518
31.03.1982;-1.01671074146706;;;0,683805984;0,697497644;0,764324476;0,672551491
30.04.1982;4.0014321128687;;;0,057937914;0,856912484;0,840879525;0,450660288
31.05.1982;-3.91618438026307;;;0,240248251;0,819924278;0,57423784;0,657079659
30.06.1982;-2.02895664890361;;;-0,192834513;0,663888146;0,36717255;0,373939869
31.07.1982;-2.29906418978977;;;0,220911993;0,983707205;0,522774144;0,065148136
31.08.1982;11.597727353685;;;0,309021006;0,681806097;0,385080418;0,310252951
30.09.1982;0.761439223871441;;;0,005823931;0,994631838;0,671478131;0,662093939
31.10.1982;11.0446796661617;;;0,213911452;1,112044862;0,650316189;0,295309073
30.11.1982;3.59706664274921;;;0,305563873;0,878671469;0,988557812;0,045036748
31.12.1982;1.52313623687614;;;0,276952452;0,740411916;0,656209802;-0,056800816
31.01.1983;3.31342696411614;;;0,109907468;0,84922582;0,840109111;0,407618183
28.02.1983;1.89951441766507;;;0,621856116;1,042498012;0,422738661;0,249907436
31.03.1983;3.3094753721945;;;-0,777349303;1,250233335;1,038645502;0,236862743
30.04.1983;7.49868296186091;;;0,437134958;0,919845219;0,633396486;-0,01197032
31.05.1983;-1.24064548865803;;;-0,486586453;1,03912235;1,169438388;-0,229383866
30.06.1983;3.23295770659056;;;0,233711615;1,117062951;0,935635729;0,700133718
31.07.1983;-3.03030413358996;;;0,965216098;1,034938377;1,363306988;0,130248377
31.08.1983;1.13188752800479;;;0,781145603;0,652060544;0,78495979;0,204370218
30.09.1983;1.01582329059324;;;0,971394706;0,618171935;0,877553007;0,715609629
31.10.1983;-1.51743491378376;;;0,141527597;0,94642155;0,612931217;0,402603717
30.11.1983;1.7425807346666;;;0,099331266;0,877415255;0,948658523;0,415741983
31.12.1983;-0.883414227537527;;;-0,243658875;1,059851305;0,732663936;0,651854103
31.01.1984;-0.921596484066944;;;0,387331886;0,934669387;0,790397353;0,392646454
29.02.1984;-3.88593474157545;;;-0,33388815;1,011936221;0,689684033;-0,098840135
31.03.1984;1.34979953529963;;;0,745764746;0,906951171;0,425622585;0,284144844
30.04.1984;0.546557617795984;;;-0,476029139;0,832154184;0,303411216;0,278133811
31.05.1984;-5.93564499772476;;;-0,116496272;1,212720961;0,703855469;0,10791819
30.06.1984;1.74692100346174;;;-0,151401858;1,031948401;0,546708962;0,237153129
31.07.1984;-1.6451162907454;;;-0,000242958;0,973377874;0,585831713;0,215660847
31.08.1984;10.6332063084244;;;-0,152312892;0,905686531;1,075786444;0,264232811
30.09.1984;-0.347964121521049;;;-0,27326287;0,871561178;0,547143257;0,015760848
31.10.1984;-0.00602634874002916;;;0,367426816;0,521389087;0,41815393;0,163060061
30.11.1984;-1.51122557780641;;;0,135048946;0,96866727;0,637840275;0,677149788
31.12.1984;2.23743955320983;;;-0,620827514;0,960278679;0,744230696;0,582188577
31.01.1985;7.40851410110417;;;0,646212553;1,006642966;0,751582564;0,383357858
28.02.1985;0.862877999686051;;;0,519778936;0,71552332;0,823019173;0,153527156
31.03.1985;-0.287001343797599;;;0,648997661;0,847303247;0,83230562;0,270889176
30.04.1985;-0.459427551328428;;;0,020941714;0,904277251;0,707070523;0,570386008
31.05.1985;5.405105444994;;;-0,209879894;1,145479483;0,479161299;0,439437529
30.06.1985;1.21340174873528;;;0,584871404;0,718895007;0,840736728;0,557991775
31.07.1985;-0.48475783423666;;;0,377988958;0,9926539;0,690867301;0,049239291
31.08.1985;-1.19945176413966;;;1,565570618;0,73782164;1,435870395;-0,167570249
30.09.1985;-3.47240782601211;;;0,581232556;0,965806107;0,289622404;0,135264721
31.10.1985;4.25088170876982;;;-0,02095726;1,143047085;0,789302045;0,621722216
30.11.1985;6.50615865988899;;;0,441909844;0,967175588;0,605975936;0,494396751
31.12.1985;4.50610906309585;;;-0,054296614;0,812279719;0,655511242;0,462660059
31.01.1986;0.236652784404034;;;0,218826215;1,005712608;0,628674021;0,459441435
28.02.1986;7.14892788597394;;;-0,388616806;1,031591193;0,442483721;0,34984956
31.03.1986;5.27939177869188;;;0,062539255;0,988510923;0,702044884;0,488075485
30.04.1986;-1.414813608362;;;0,075746229;1,069765682;0,491196348;0,34465205
31.05.1986;5.02292867546366;;;-0,318392511;0,907383293;1,093083508;0,349994268
30.06.1986;1.41095215211535;;;0,817870322;1,009559044;0,886394633;-0,019880723
31.07.1986;-5.86828314288235;;;0,018176748;0,938252545;0,457564462;0,230802456
31.08.1986;7.11926050576566;;;0,465090078;0,821518071;0,553608897;0,440669545
30.09.1986;-8.54386034765885;;;-0,401799954;1,161930174;0,683299881;0,474142886
31.10.1986;5.47293273494327;;;0,489645803;0,766152253;0,648320142;0,489409006
30.11.1986;2.14771931507687;;;0,186089459;1,081455443;0,671597962;0,505276334
31.12.1986;-2.82882714759097;;;0,322728914;1,00334396;1,214080121;0,361466054
31.01.1987;13.1766893688701;;;-0,444940144;1,216863524;0,654194614;0,355461208
28.02.1987;3.69236213170103;;;0,486887752;1,206020154;0,713102685;-0,107051995
31.03.1987;2.63898651578398;;;0,905043692;1,100632254;0,781569395;0,433697838
30.04.1987;-1.14502115724912;;;0,33568931;1,187314155;0,76437001;0,696407527
31.05.1987;0.603419628362012;;;0,6554636;0,925864735;0,695457982;0,652894494
30.06.1987;4.79144901897193;;;0,715404616;0,954948582;0,732799159;0,268782168
31.07.1987;4.82236962569387;;;-0,001658441;0,629722494;0,42219958;0,025530588
31.08.1987;3.49588401519998;;;-0,490907991;0,776027814;0,879898094;0,289816962
30.09.1987;-2.41661659057012;;;-0,086723629;0,727771178;0,422011123;0,263403542
31.10.1987;-21.763041421998;;;-0,287683405;1,03597005;0,58882382;0,540528099
30.11.1987;-8.53488653536516;;;-0,102667014;0,724171493;0,299804836;0,118766967
31.12.1987;7.28614787535444;;;-0,252090488;1,352752995;0,942498885;0,539668505
31.01.1988;4.04322705970954;;;0,206380942;0,806918109;0,607782711;0,572315235
29.02.1988;4.18174026285456;;;0,13049581;0,943752638;0,824007636;0,734160297
31.03.1988;-3.33432620101856;;;0,302555429;0,982335116;1,018678695;-0,012881909
30.04.1988;0.942474327231779;;;0,093225953;0,642571957;0,44562253;0,320679714
31.05.1988;0.317612647798549;;;-0,070325101;0,95753778;1,238738162;0,613058938
30.06.1988;4.32560122806012;;;0,710580339;0,897848662;0,980761374;0,134752421
31.07.1988;-0.541137472149222;;;-0,479990434;0,790239596;0,5783605;0,516094469
31.08.1988;-3.86001044925867;;;0,33341608;1,037746843;0,4636786;0,580153867
30.09.1988;3.97293326893431;;;0,05647836;0,890419509;0,391817205;0,252015242
31.10.1988;2.59644642106176;;;0,413441314;1,108404941;1,019796115;0,210288545
30.11.1988;-1.88908807062111;;;0,480360309;0,929433578;0,864479821;0,218500297
31.12.1988;1.46875733810019;;;0,917957805;0,765221064;0,732088511;0,519165748
31.01.1989;7.11147915641293;;;-0,912924557;1,117879976;1,2916609;0,168713866
28.02.1989;-2.89441484311306;;;0,371262787;1,07357058;0,518119833;0,253005773
31.03.1989;2.08059616090834;;;0,301990065;1,040403519;0,53332009;0,209768785
30.04.1989;5.00899371785186;;;0,262393408;0,83342725;0,771786876;0,515713196
31.05.1989;3.51374946729266;;;-0,000601546;0,933174347;0,607318412;0,191500069
30.06.1989;-0.792455420693094;;;-0,021943748;1,247903259;1,001029997;0,263930107
31.07.1989;8.83702579252559;;;0,405117885;0,812028256;0,538549379;0,362715101
31.08.1989;1.55167182244567;;;1,016412369;1,089648479;0,541498184;0,39698393
30.09.1989;-0.654436827616889;;;0,202410979;0,934472983;0,795142243;0,412263866
31.10.1989;-2.51754509482476;;;0,106507273;0,925663517;0,600631511;0,332527551
30.11.1989;1.65413242599515;;;-0,350874296;1,071764243;0,591955407;0,224847
31.12.1989;2.14168151428018;;;-1,110111871;1,23462047;0,982815596;0,370996617
31.01.1990;-6.88172262146173;;;0,365550205;0,983571746;0,662752876;0,174268461
28.02.1990;0.853904275808892;;;0,61348801;1,172736378;0,776846081;0,204832395
31.03.1990;2.42549864041433;;;0,369798786;0,892569628;0,596547773;0,217110622
30.04.1990;-2.68871406212716;;;0,934948385;0,686666174;0,671496918;0,298217556
31.05.1990;9.19891907988946;;;0,438292299;0,94784286;1,097978712;0,099584053
30.06.1990;-0.88863656812217;;;0,401587352;0,543553235;0,386877921;0,290851226
31.07.1990;-0.522315841173915;;;0,154955906;0,914252458;0,473033194;0,249012864
31.08.1990;-9.43141847916291;;;0,133851268;1,227190929;1,130017621;0,682278647
30.09.1990;-5.11843064564319;;;0,323143896;1,119644306;0,598823087;0,403273942
31.10.1990;-0.669821230104239;;;0,181594533;0,973806539;0,683682157;0,407198697
30.11.1990;5.99342145417865;;;0,513116251;0,873745401;1,043181985;0,264987665
31.12.1990;2.48277573387521;;;0,18311827;0,799414936;0,374695687;0,42839545
31.01.1991;4.15177499981747;;;-0,586045751;1,023574834;0,626440772;0,345232529
28.02.1991;6.72811768127803;;;-0,004859681;0,940497028;0,987425138;-0,080441075
31.03.1991;2.2202832522042;;;0,167778561;0,824522201;0,763435668;0,620134896
30.04.1991;0.0319799362499706;;;0,082775273;0,946509155;0,572036463;0,850838705
31.05.1991;3.86049724936075;;;0,396683915;0,917685023;0,517752458;0,135104707
30.06.1991;-4.78926289747986;;;0,004768282;1,038417098;1,171362494;1,043369633
31.07.1991;4.48593429577664;;;0,03266835;0,991999458;0,527755871;0,515738748
31.08.1991;1.96487846243216;;;0,199205628;0,972457484;0,748619393;0,398924672
30.09.1991;-1.91437358430864;;;0,524841721;0,869680512;0,628658767;0,32556181
31.10.1991;1.18342366545192;;;0,384474302;0,92702674;0,738599726;0,202229456
30.11.1991;-4.3903708626307;;;0,185183204;1,020069257;0,59196872;0,498979905
31.12.1991;11.1587855074281;;;0,538863398;0,747183275;0,440279867;0,440510957
31.01.1992;-1.99237517839236;;;-0,068228562;1,048160681;0,57179872;0,671116173
29.02.1992;0.958954312696414;;;0,432072785;0,923951099;0,775116238;0,513058886
31.03.1992;-2.18318621253278;;;-0,043131151;0,970686404;0,64553671;0,549314519
30.04.1992;2.78927139575604;;;-0,638292424;0,872814351;1,066477327;0,248474316
31.05.1992;0.096395682544248;;;-0,448381772;0,881291485;0,571048068;0,442218924
30.06.1992;-1.73588331506638;;;0,136849959;0,923201577;0,774171018;0,556490514
31.07.1992;3.93736860633058;;;-0,007584165;0,779220535;1,27271076;0,493396533
31.08.1992;-2.39975316018912;;;0,794633127;0,846483224;0,95614067;0,221448457
30.09.1992;0.910559385741871;;;0,538732783;0,700148056;0,406739414;0,287567958
31.10.1992;0.210628269153657;;;-0,051137854;0,802640517;0,451687788;-0,031283473
30.11.1992;3.0261807703684;;;0,66601525;1,102130019;0,995732328;0,51938483
31.12.1992;1.01077669870628;;;0,187434928;0,858567761;0,753942964;0,538585023
31.01.1993;0.704598789200661;;;-0,068232786;1,072924036;0,712868322;-0,038523333
28.02.1993;1.04836275954077;;;-0,777423446;0,952732694;0,312236751;0,04290714
31.03.1993;1.86972990518888;;;0,090933308;1,126211573;0,592362342;0,520647421
30.04.1993;-2.54168101601566;;;0,012840946;1,144889822;1,030160491;0,384960452
31.05.1993;2.27174627877449;;;-0,047475545;0,987567187;0,558916065;0,29163044
30.06.1993;0.0755228539165209;;;0,608901403;0,957705096;1,120342375;0,231708626
31.07.1993;-0.532704570835929;;;0,671518726;0,895925386;0,938116975;0,491010578
31.08.1993;3.44319561458872;;;-0,278640292;0,737207817;0,444301604;0,246239593
30.09.1993;-0.998793016480515;;;0,678530904;0,744443837;0,477312243;0,117636391
31.10.1993;1.93929227518845;;;0,758805155;0,603650438;0,539955273;0,22963864
30.11.1993;-1.29106260836291;;;-0,294299952;1,035171934;0,544101357;0,198446251
31.12.1993;1.00911747241843;;;0,141371067;0,777063676;0,865403304;0,214721664
31.01.1994;3.25007455199777;;;-0,025971945;0,633032532;0,480447907;0,288243518
28.02.1994;-3.00449972866785;;;0,109717293;0,992815634;0,792384831;0,319182686
31.03.1994;-4.57465106063508;;;0,149784658;1,192828163;0,494195687;0,470508308
30.04.1994;1.15306431009645;;;-0,324578262;0,827615745;0,659881538;0,335194812
31.05.1994;1.23971442028141;;;0,453159225;0,744980526;0,617899998;0,565702754
30.06.1994;-2.67908236283201;;;0,349355368;0,882799172;0,415967277;0,172180456
31.07.1994;3.14899072589001;;;0,844694475;1,036487611;0,622398791;0,298351907
31.08.1994;3.75986996499262;;;-0,209264349;1,134397032;1,088758605;0,743558211
30.09.1994;-2.68775348414747;;;0,123642111;1,005487123;1,063211554;0,41220381
31.10.1994;2.08338156220111;;;-0,159763847;0,853773305;0,920692571;0,656788839
30.11.1994;-3.95046118788872;;;-0,168455447;1,119283673;1,055871516;0,613074503
31.12.1994;1.2299117331743;;;0,310362355;0,522450931;0,446641365;0,398690531
31.01.1995;2.4277711761677;;;0,362006305;1,199805578;0,612899588;0,007069897
28.02.1995;3.60741480725926;;;-0,505723164;0,675362526;0,920648033;0,308660601
31.03.1995;2.73291951133807;;;-0,46603965;0,711115929;1,140698778;0,470410345
30.04.1995;2.79603578049115;;;0,659729621;0,953929753;1,143376988;0,270245089
31.05.1995;3.63117126994648;;;-0,124028248;0,971381195;0,979336215;0,449947949
30.06.1995;2.12785434316494;;;0,300762661;0,873403475;1,288810992;0,040059071
31.07.1995;3.17760395752065;;;0,326818235;1,056384127;0,679467791;0,529787531
31.08.1995;-0.032023747742782;;;0,432177308;0,690063298;0,971533926;0,113404024
30.09.1995;4.00974728873253;;;-0,145033626;0,822263378;0,734723487;0,474404307
31.10.1995;-0.497933518977023;;;-0,092738624;0,939595115;0,578103202;0,22133751
30.11.1995;4.10490027810619;;;-0,096505212;1,192972244;0,62466219;0,40055587
31.12.1995;1.74438734059648;;;-0,333979337;1,20295008;0,638477662;-0,205609522
31.01.1996;3.26173868692312;;;0,062542943;0,973989352;0,47242495;0,293718813
29.02.1996;0.693370178470398;;;0,131903931;0,447634957;0,804439803;-0,019590549
31.03.1996;0.79165675908397;;;-0,1727502;1,048019379;0,328448122;0,188861856
30.04.1996;1.34314220141847;;;0,394114922;1,301701424;0,399698229;0,225091102
31.05.1996;2.28534059917032;;;0,657480772;0,763226551;0,460494893;0,307056537
30.06.1996;0.225670997226812;;;0,109440331;1,100341249;0,380776986;0,961821465
31.07.1996;-4.57480167192077;;;-0,029448651;1,04962777;0,718310747;0,7939581
31.08.1996;1.88139351475607;;;0,302909757;0,617664036;0,689161026;0,320297749
30.09.1996;5.42033273283304;;;0,152357145;0,826303371;1,025278049;0,636613659
31.10.1996;2.6101002422918;;;0,020193048;1,045346086;0,719936707;0,36925441
30.11.1996;7.33761517814058;;;0,030524757;0,80545419;0,632380431;0,561706954
31.12.1996;-2.1505414489508;;;-0,082191104;1,17201168;0,636056966;0,63293087
31.01.1997;6.13170390541289;;;0,489541396;0,739943155;0,383383618;0,585452754
28.02.1997;0.592759023465406;;;0,101402289;0,952314614;1,037749173;0,810802881
31.03.1997;-4.26140106407488;;;0,66602368;1,254458819;0,835112603;0,376062339
30.04.1997;5.84055790673403;;;0,399868943;1,040665294;0,905548644;-0,07896837
31.05.1997;5.8576884803325;;;-0,266562855;0,690461089;0,682424745;0,044889028
30.06.1997;4.34526147952758;;;-0,297651344;1,023092286;0,615939493;0,292140027
31.07.1997;7.81458094374248;;;-0,546162233;0,871306024;0,416459161;0,472264691
31.08.1997;-5.74656317085284;;;0,263491839;0,267001676;0,339790142;0,153871661
30.09.1997;5.31535906155671;;;-0,48997236;0,89700678;0,87945632;0,521950752
31.10.1997;-3.44776973752203;;;0,883210534;1,174130432;0,859837694;0,394411749
30.11.1997;4.45868552126394;;;0,785740213;0,786252433;0,547503339;0,225327304
31.12.1997;1.57315971086944;;;0,412203413;0,743357604;0,080367847;0,254372471
31.01.1998;1.0150177442408;;;0,422892383;0,919450999;0,723070916;-0,056267995
28.02.1998;7.04491925363124;;;0,039384844;0,93171691;0,366160887;0,242312776
31.03.1998;4.99457143412205;;;0,398696012;0,886495773;0,641655044;0,566835929
30.04.1998;0.90764692534604;;;-0,418689133;1,211558412;0,749994812;0,982449548
31.05.1998;-1.88262232614684;;;0,409932329;0,858709783;0,983229698;0,183757755
30.06.1998;3.94382406350404;;;0,054791722;1,146985439;0,908366315;0,486595249
31.07.1998;-1.16153269173854;;;0,718377384;1,064294808;0,883090981;0,063205038
31.08.1998;-14.5796718250114;;;0,372566076;0,864810886;0,851683733;0,665948589
30.09.1998;6.2395515043411;;;0,164162508;0,831702041;0,878615608;0,335941418
31.10.1998;8.02942285676289;;;-0,122782919;0,950421103;0,2801042;0,37995433
30.11.1998;5.91259962856814;;;0,082005307;0,977532683;0,601391771;0,287174388
31.12.1998;5.63752870849561;;;0,27602387;1,037735132;0,579480177;0,347208001
31.01.1999;4.10094408537485;;;0,419025856;0,973587558;0,902539607;0,265831198
28.02.1999;-3.22825623775913;;;0,094182809;1,096952281;0,24000501;0,668034934
31.03.1999;3.87942154089167;;;0,279737896;1,04846228;0,47636898;0,475573814
30.04.1999;3.79440275962775;;;0,445595627;0,942761263;0,833277859;0,719370049
31.05.1999;-2.49704807961751;;;-0,169144776;0,879739256;0,269516799;0,296631142
30.06.1999;5.44383311143248;;;0,171966686;1,079602079;0,715878269;-0,082287448
31.07.1999;-3.20460923910917;;;0,647143606;0,913390156;0,771277941;0,525753652
31.08.1999;-0.625409168723501;;;-0,050455528;0,773696012;0,36074598;0,32292785
30.09.1999;-2.85517924480246;;;0,383346662;1,158128748;0,275139366;0,144926666
31.10.1999;6.25395414523846;;;-0,021093859;0,813704369;0,51571317;0,585991246
30.11.1999;1.90618589692204;;;0,031541093;0,780501148;0,631134541;0,321202746
31.12.1999;5.78438947399229;;;-0,324312303;1,006644319;0,535905142;0,611518102
31.01.2000;-5.09035487919006;;;-0,364217496;1,083041258;0,852348687;0,552277725
29.02.2000;-2.01080832563569;;;-0,348734274;0,990182043;1,309094078;-0,379854956
31.03.2000;9.67198283536481;;;0,129633241;0,928286595;0,644658947;0,292188897
30.04.2000;-3.07957557801913;;;-0,207676502;0,781736751;0,508538759;0,301586012
31.05.2000;-2.19150506034178;;;0,01491447;1,030941275;0,677185929;0,741617177
30.06.2000;2.39335496158772;;;0,441876967;0,747705825;0,562523616;0,218034103
31.07.2000;-1.63412759041709;;;0,079152491;0,882395293;0,709329184;0,608473466
31.08.2000;6.0699104941671;;;0,110764323;0,937322928;0,513804085;0,665058563
30.09.2000;-5.34829747197643;;;0,685813435;0,881442979;0,703404313;0,299555157
31.10.2000;-0.494948542177065;;;-0,549166993;0,658562509;0,842638803;0,403167117
30.11.2000;-8.00686101073089;;;-0,018841175;0,926803857;0,901119336;0,431514248
31.12.2000;0.405344562372867;;;0,376098154;0,971876467;0,587634611;0,375529268
31.01.2001;3.46365766761645;;;0,070539058;1,111930817;0,73982348;0,56206801
28.02.2001;-9.22907353958596;;;-0,0624487;0,657956736;0,329219569;0,099118069
31.03.2001;-6.42047108033915;;;0,047271058;0,985501695;0,816994953;0,497898902
30.04.2001;7.68143616543946;;;0,196732915;0,958754911;0,447751988;0,177124055
31.05.2001;0.509018740127565;;;-1,504539169;1,118791539;1,302579307;0,214425968
30.06.2001;-2.50353894275647;;;0,794716633;1,125574894;0,679242173;0,272668049
31.07.2001;-1.07401495954037;;;0,746297052;0,550920475;0,602954383;-0,034329002
31.08.2001;-6.41084068807575;;;0,859610817;0,942012019;0,27134802;-0,089595648
30.09.2001;-8.17234057056389;;;-0,197698151;0,931473819;0,378404957;0,325975921
31.10.2001;1.8099111333141;;;0,18451683;0,873468517;0,61985946;0,567689603
30.11.2001;7.51759041240454;;;0,208546564;1,097180018;0,749570518;0,394139784
31.12.2001;0.757383408892776;;;0,01813164;0,966261602;0,833994355;0,491718884
31.01.2002;-1.55738324569799;;;0,844622178;1,051671911;1,314229187;-0,13665073
28.02.2002;-2.07662110397276;;;0,209448406;1,014128091;1,191132437;-0,174279922
31.03.2002;3.67388928620747;;;0,297772265;1,293750997;0,923740538;0,308947437
30.04.2002;-6.14176259192191;;;0,225478449;0,742001381;0,299244132;0,114988926
31.05.2002;-0.908148135217701;;;-0,306526957;0,903435592;0,698671141;0,19897922
30.06.2002;-7.24553538081798;;;0,624178933;0,920193233;0,513838517;0,442240917
31.07.2002;-7.90042751494077;;;-0,136252153;1,090110415;0,813444227;0,549930897
31.08.2002;0.488143330649438;;;-0,862862757;0,954620004;0,462283664;0,039679133
30.09.2002;-11.0024318252428;;;0,272559249;0,745283918;0,302892157;0,232537287
31.10.2002;8.6448800333714;;;-0,512449701;1,098241085;0,568517417;0,481873358
30.11.2002;5.70696207049859;;;0,05550473;0,997181119;0,546882568;0,514818189
31.12.2002;-6.03325718850288;;;0,059961157;0,901313655;0,306080987;0,340138721
31.01.2003;-2.74146926830446;;;-0,706783743;0,908854101;0,672963133;0,521734572
28.02.2003;-1.70036082568717;;;0,012029471;0,919542792;0,851388098;0,23502724
31.03.2003;0.835756768433282;;;-0,203365568;0,927044448;1,160855184;0,40485752
30.04.2003;8.10441071800323;;;0,019003641;1,155934392;1,166783805;0,150261762
31.05.2003;5.08987096095226;;;0,174298998;0,962378692;0,960569986;0,456202905
30.06.2003;1.13222146768521;;;0,363120222;0,921315694;0,950779424;0,361449932
31.07.2003;1.62237019585365;;;0,416937231;0,734506937;0,458179195;0,175050413
31.08.2003;1.78732035934879;;;-0,106335422;0,857908156;1,195626;0,256934377
30.09.2003;-1.19443645855257;;;-0,31721737;1,01018624;0,517899316;0,164550315
31.10.2003;5.49614866357166;;;0,101474729;0,962211011;0,565707739;0,456158239
30.11.2003;0.712850407137289;;;0,098585458;0,858487513;0,592732317;0,427964655
31.12.2003;5.07655407788921;;;0,176434712;1,026298096;0,548977181;0,083311424
31.01.2004;1.72763869507553;;;-0,687767837;0,884480032;0,530036488;0,350617715
29.02.2004;1.22089737376105;;;-0,025685571;0,955634897;0,266209093;0,248126112
31.03.2004;-1.63589196178668;;;0,154686073;0,937342558;0,977730076;0,664393901
30.04.2004;-1.67907519603482;;;0,552858911;0,785035792;0,594828331;0,63919396
31.05.2004;1.20834500973541;;;0,041332657;1,200018224;0,846272176;0,657958058
30.06.2004;1.79889987714326;;;0,535721013;0,741910151;0,619183819;0,112678347
31.07.2004;-3.42905195200263;;;-0,232177081;0,915443356;0,673449281;0,385166052
31.08.2004;0.228735032336913;;;-0,631942625;1,086800602;1,226228295;0,081321912
30.09.2004;0.936387552683882;;;-0,178192008;1,03849513;0,406277217;0,522444644
31.10.2004;1.40142436909398;;;0,745000457;0,98670589;0,40533557;0,284096253
30.11.2004;3.85949362959705;;;0,007043631;0,968065822;0,610573368;0,454053133
31.12.2004;3.24582128432052;;;0,481148077;0,981725632;0,86011529;0,130249764
31.01.2005;-2.5290467442294;;;0,04117657;0,980088605;0,509810619;0,148374722
28.02.2005;1.89033461321133;;;0,305259547;1,056564758;0,860780231;0,236696641
31.03.2005;-1.91176555602897;;;0,484081356;1,122825349;0,626840777;0,351018482
30.04.2005;-2.01085820832635;;;-0,794057647;0,805062187;0,829199659;0,239468458
31.05.2005;2.99520466312087;;;-0,687565808;1,249312031;0,655170179;0,462654535
30.06.2005;-0.0142714179867776;;;-0,228400222;0,884862996;0,438047208;0,793325799
31.07.2005;3.59682869036184;;;0,217154842;1,21883501;1,115612532;0,981842385
31.08.2005;-1.12221045986001;;;-0,187420762;0,85022771;0,655744435;0,173230329
30.09.2005;0.694902431673361;;;-0,321785641;1,075922611;0,650056022;0,569641957
31.10.2005;-1.77407799323135;;;0,643981247;1,079885924;0,615367879;0,665710061
30.11.2005;3.51860965190933;;;-1,054687794;1,064793417;0,881296031;0,328893202
31.12.2005;-0.0952349317196455;;;0,483399929;1,08816452;0,077540993;-0,068320314
31.01.2006;2.54667713411081;;;0,062738033;1,085770893;0,872902692;0,560538757
28.02.2006;0.0453157728356191;;;0,691520955;0,78435511;0,445442323;0,251901028
31.03.2006;1.10958104088896;;;0,653164904;1,120859406;0,587466097;0,098378106
30.04.2006;1.21556529178442;;;0,267848422;1,00665332;0,727748007;0,245112446
31.05.2006;-3.09169165382032;;;0,324473632;0,967317104;1,019637834;0,157288753
30.06.2006;0.00865965045959705;;;0,227048947;0,997671102;0,948774839;0,162661736
31.07.2006;0.508587880345335;;;-0,152045212;0,8989558;1,052978194;0,026231417
31.08.2006;2.12741931150264;;;1,007706572;0,824973894;0,816952583;-0,125729011
30.09.2006;2.45662979677823;;;0,22457726;0,915491236;0,762558812;0,033266349
31.10.2006;3.15080035853956;;;0,510423173;0,796964399;0,640403346;0,00496809
30.11.2006;1.6466656343096;;;-0,476562833;1,098263924;1,146897153;0,173476914
31.12.2006;1.26157828146705;;;-0,025597281;0,744226836;0,229947148;0,296295262
31.01.2007;1.4059043023178;;;0,037699477;0,771639241;0,656977078;0,232383145
28.02.2007;-2.18461759919444;;;0,217555382;1,211387435;0,727203215;0,521165317
31.03.2007;0.997998293920643;;;-0,555702969;1,184817686;0,480145526;0,482013194
30.04.2007;4.32906904267598;;;-0,31656952;0,750349234;0,619246646;0,047509206
31.05.2007;3.25492287073617;;;-0,30571308;1,287261902;1,50556675;0,249860792
30.06.2007;-1.7816322547885;;;0,074028276;0,924496767;0,58232049;0,215282675
31.07.2007;-3.19818783619883;;;0,095036783;0,76649848;0,845127642;0,942071638
31.08.2007;1.28635720188579;;;0,234768581;0,688671921;0,44961161;0,093352909
30.09.2007;3.57940081786008;;;-0,186342766;0,917491448;1,024888854;0,629777768
31.10.2007;1.48223382235548;;;0,33210303;1,131937199;0,523238755;0,249331235
30.11.2007;-4.40434173794158;;;0,088341377;0,873358685;0,761200429;0,448927071
31.12.2007;-0.862850856129793;;;-0,442752489;1,090978582;1,270451199;0,507142614
31.01.2008;-6.11634322777699;;;0,594992034;1,006014462;1,526865263;0,642845564
29.02.2008;-3.47611927372882;;;0,611191128;1,108353382;0,781887278;0,706080774
31.03.2008;-0.595962339781742;;;0,047344126;1,078577945;0,795234421;0,46559562
30.04.2008;4.75466976412291;;;0,055273711;1,149328014;0,650319978;0,573398226
31.05.2008;1.06741817040685;;;0,195801427;0,775361894;1,010805011;0,049829859
30.06.2008;-8.59623848263145;;;-0,222612776;0,891036482;0,302684189;0,177419989
31.07.2008;-0.985937118530278;;;0,613218921;0,92109334;1,27885775;0,781818774
31.08.2008;1.21904646691215;;;0,458283206;0,875150495;0,744522298;0,043345862
30.09.2008;-9.07914335437922;;;0,193263446;0,913689466;1,028508148;0,316131297
31.10.2008;-16.9424524017771;;;0,695058591;1,063250577;0,811834564;-0,184858408
30.11.2008;-7.48490423387097;;;0,147701204;1,088623025;1,084474609;0,744869666
31.12.2008;0.782157663349947;;;-0,340910063;1,047945591;1,076607477;0,166288423
31.01.2009;-8.56573430580543;;;0,509283328;1,440639966;0,926706639;0,569127871
28.02.2009;-10.9931197620199;;;0,101703214;1,099350998;0,616619198;0,458126211
31.03.2009;8.54044619953229;;;-0,463712934;0,850251918;0,578464985;0,213609486
30.04.2009;9.39250791482633;;;-0,215198719;1,253355624;1,338950643;0,166003458
31.05.2009;5.30814463851665;;;0,039132419;1,098921578;0,745057527;0,533105238
30.06.2009;0.019582726560996;;;0,334563785;0,85617137;0,340970919;0,439657441
31.07.2009;7.41417271477842;;;0,32110936;0,93504594;0,740633695;0,048840829
31.08.2009;3.35601888685442;;;0,455417396;1,085383625;0,957718974;0,381408574
30.09.2009;3.57233457231196;;;0,011985858;0,738560017;0,541931652;0,168100513
31.10.2009;-1.97620005268142;;;0,130201129;1,138298291;1,373290948;0,51617456
30.11.2009;5.73640614537276;;;0,464854282;1,10065078;0,889175053;0,480449472
31.12.2009;1.77705709193383;;;-0,115702398;0,972874251;0,467151706;0,36729253
31.01.2010;-3.69742456922622;;;0,181715135;0,74180789;0,879673079;0,10543553
28.02.2010;2.85136890465461;;;0,969062548;0,583756997;0,198446726;0,287114775
31.03.2010;5.87964255454974;;;0,165142107;1,224110978;0,433238042;0,194945596
30.04.2010;1.4759230482013;;;-0,689904765;1,004224194;0,807580708;0,48955892
31.05.2010;-8.19758420731905;;;0,041554547;1,119646684;0,919105315;0,360755685
30.06.2010;-5.38824422398385;;;-0,753011382;1,153029041;0,563245837;0,514416923
31.07.2010;6.87778495746352;;;-0,513723948;1,263538063;0,74338505;0,430914223
31.08.2010;-4.74491836326048;;;-0,082388682;1,254415139;1,009326101;0,235484305
30.09.2010;8.75511030511356;;;0,647732026;1,15909985;0,517062314;0,641288362
31.10.2010;3.68559940355406;;;-0,299122576;0,962360086;0,59486858;0,468571029
30.11.2010;-0.229024974657666;;;0,292462856;0,921117616;0,757892839;0,058981213
31.12.2010;6.53000403471551;;;0,093562656;1,072624397;0,656540799;0,310908226
31.01.2011;2.26455743591392;;;0,11762921;0,92411553;0,553757226;0,50431277
28.02.2011;3.19565637280934;;;0,679848013;0,828079537;0,592781142;0,336901542
31.03.2011;-0.104731293916649;;;0,035270049;0,928994043;1,046132139;0,51637971
30.04.2011;2.8495380666536;;;;;;
31.05.2011;-1.35009528952232;;;;;;
30.06.2011;-1.82574616524793;;;;;;
31.07.2011;-2.14744253066662;;;;;;
31.08.2011;-5.67911079523289;;;;;;
30.09.2011;-7.17619880808965;;;;;;
31.10.2011;10.7723038437441;;;;;;
30.11.2011;-0.505871510701139;;;;;;
31.12.2011;0.853276366663613;;;;;;
31.01.2012;4.35830627049854;;;;;;
29.02.2012;4.05894637681172;;;;;;
31.03.2012;3.13323145314419;;;;;;
30.04.2012;-0.749745237249599;;;;;;
31.05.2012;-6.26507257145437;;;;;;
30.06.2012;3.95549822283363;;;;;;
31.07.2012;1.25975742047879;;;;;;
31.08.2012;1.97633695060857;;;;;;
30.09.2012;2.42361536177753;;;;;;
31.10.2012;-1.97894097162939;;;;;;
30.11.2012;0.284671668504277;;;;;;
31.12.2012;0.706823095628462;;;;;;
31.01.2013;5.04280964668689;;;;;;
28.02.2013;1.10606487650415;;;;;;
31.03.2013;3.5987723982873;;;;;;
30.04.2013;1.808576777989;;;;;;
31.05.2013;2.07628116830578;;;;;;
30.06.2013;-1.49993015955808;;;;;;
31.07.2013;4.94620799130854;;;;;;
31.08.2013;-3.1298019479344;;;;;;
30.09.2013;2.97495232591953;;;;;;
31.10.2013;4.45957527619447;;;;;;
30.11.2013;2.80494713673287;;;;;;
31.12.2013;2.3562791975446;;;;;;
31.01.2014;-3.55829059558116;;;;;;
28.02.2014;4.31170301781616;;;;;;
31.03.2014;0.693216541822705;;;;;;
30.04.2014;0.620078915341415;;;;;;
31.05.2014;2.10302800732804;;;;;;
30.06.2014;1.90583317494701;;;;;;
31.07.2014;-1.50798308453424;;;;;;
31.08.2014;3.76552955798253;;;;;;
30.09.2014;-1.5513837249454;;;;;;
31.10.2014;2.32014606672031;;;;;;
30.11.2014;2.45335886463149;;;;;;
31.12.2014;-0.418858751599704;;;;;;
31.01.2015;-3.10408058384106;;;;;;
28.02.2015;5.48925108906233;;;;;;
31.03.2015;-1.73961071142196;;;;;;
30.04.2015;0.852081982253527;;;;;;
31.05.2015;1.04913823045898;;;;;;
30.06.2015;-2.101167197973;;;;;;
31.07.2015;1.97420294351849;;;;;;
31.08.2015;-6.25808182558656;;;;;;
30.09.2015;-2.64428312800015;;;;;;
31.10.2015;8.29831178126665;;;;;;
30.11.2015;0.0504869110334871;;;;;;
31.12.2015;-1.75301850326925;;;;;;
31.01.2016;-5.07353220469523;;;;;;
29.02.2016;-0.412836030900354;;;;;;
31.03.2016;6.59911144400585;;;;;;
30.04.2016;0.269939828333254;;;;;;
31.05.2016;1.53246025252884;;;;;;
30.06.2016;0.0910921240124374;;;;;;
31.07.2016;3.56098007533154;;;;;;
31.08.2016;-0.121924289901931;;;;;;
30.09.2016;-0.123445113931731;;;;;;
31.10.2016;-1.94256789090345;;;;;;
30.11.2016;3.4174521829295;;;;;;
31.12.2016;1.82007624418659;;;;;;
31.01.2017;1.78843581983825;;;;;;
28.02.2017;3.71981600668163;;;;;;
31.03.2017;-0.0389197135269415;;;;;;
30.04.2017;0.909120874885461;;;;;;
31.05.2017;1.15762512463287;;;;;;
30.06.2017;0.481377520781257;;;;;;
31.07.2017;1.93488260011019;;;;;;
31.08.2017;0.0546433019853243;;;;;;
30.09.2017;1.93029785621677;;;;;;
31.10.2017;2.21881350661512;;;;;;
30.11.2017;2.80826278065633;;;;;;
31.12.2017;0.98316305942705;;;;;;
31.01.2018;5.61787041255282;;;;;;
28.02.2018;-3.89473718793677;;;;;;
31.03.2018;-2.68844986005566;;;;;;
30.04.2018;0.271877499536832;;;;;;
31.05.2018;2.16083418545836;;;;;;
30.06.2018;0.484243626760783;;;;;;
31.07.2018;3.60215561728991;;;;;;
31.08.2018;3.02632112767482;;;;;;
30.09.2018;0.429428742646176;;;;;;
31.10.2018;-6.94033560936963;;;;;;
30.11.2018;1.78593566547798;;;;;;
31.12.2018;-9.17768946799725;;;;;;
31.01.2019;7.86844016658261;;;;;;
28.02.2019;2.97288893439271;;;;;;
31.03.2019;1.79242562495885;;;;;;
30.04.2019;3.9313498313738;;;;;;
31.05.2019;-6.57777313668354;;;;;;
30.06.2019;6.89301639982407;;;;;;
31.07.2019;1.3128152166958;;;;;;
31.08.2019;-1.80916272405239;;;;;;
30.09.2019;1.71811779310207;;;;;;
31.10.2019;2.04317705136841;;;;;;
30.11.2019;3.40470377144999;;;;;;
31.12.2019;2.85898189057301;;;;;;
31.01.2020;-0.162809281904897;;;;;;
29.02.2020;-8.41104836384031;;;;;;
31.03.2020;-12.5119282408928;;;;;;
30.04.2020;12.6844038165279;;;;;;
31.05.2020;4.52818196655582;;;;;;
30.06.2020;1.83883965139242;;;;;;
31.07.2020;5.51013214804437;;;;;;
31.08.2020;7.00646669017178;;;;;;
30.09.2020;-3.92279701784231;;;;;;
31.10.2020;-2.76657862213797;;;;;;
30.11.2020;10.7545635443859;;;;;;
31.12.2020;3.712145909357;;;;;;
31.01.2021;-1.11366607554452;;;;;;
28.02.2021;2.60914513774484;;;;;;
31.03.2021;4.24386325331652;;;;;;
30.04.2021;5.24253213475585;;;;;;
31.05.2021;0.548648867060697;;;;;;
30.06.2021;2.22140095658347;;;;;;
31.07.2021;2.27480548283887;;;;;;
31.08.2021;2.89904162554386;;;;;;
30.09.2021;-4.75691688019011;;;;;;
31.10.2021;6.91438364006065;;;;;;
30.11.2021;-0.833370618474616;;;;;;
31.12.2021;4.36129134620649;;;;;;
31.01.2022;-5.25851650273939;;;;;;
28.02.2022;-3.13604919459083;;;;;;
31.03.2022;3.57732883715463;;;;;;
30.04.2022;-8.79567118043431;;;;;;
31.05.2022;0.00531777046446358;;;;;;
30.06.2022;-8.39199999338268;;;;;;
31.07.2022;9.111639173021;;;;;;
31.08.2022;-4.24401282729984;;;;;;
30.09.2022;-9.33956720132744;;;;;;
31.10.2022;7.98634138370089;;;;;;
30.11.2022;5.37528933524931;;;;;;
31.12.2022;-5.89714740747305;;;;;;
31.01.2023;6.17528578346791;;;;;;
28.02.2023;-2.61124939318186;;;;;;
31.03.2023;3.5051612577109;;;;;;
30.04.2023;1.4642341662481;;;;;;
31.05.2023;0.248234736819297;;;;;;
30.06.2023;6.47274649042346;;;;;;
31.07.2023;3.11389323550109;;;;;;
31.08.2023;-1.7716390070854;;;;;;
30.09.2023;-4.87193674656249;;;;;;
31.10.2023;-2.19796887379829;;;;;;
30.11.2023;8.91792687819701;;;;;;
31.12.2023;4.42292311563601;;;;;;
31.01.2024;1.58957075989916;;;;;;
29.02.2024;5.17206406237232;;;;;;
31.03.2024;3.1018779915343;;;;;;
30.04.2024;-4.16150717378987;;;;;;
31.05.2024;4.80211901511991;;;;;;
30.06.2024;3.46698012830833;;;;;;
31.07.2024;1.13213168878687;;;;;;
31.08.2024;2.28347069366304;;;;;;
30.09.2024;2.01968840906013;;;;;;
31.10.2024;-0.989674330315171;;;;;;
30.11.2024;5.73012954820988;;;;;;
31.12.2024;-2.49901370484836;;;;;;
31.01.2025;2.70163042404441;;;;;;
28.02.2025;-1.42420926998251;;;;;;
31.03.2025;-5.75446976813754;;;;;;
30.04.2025;-0.762494334628983;;;;;;
31.05.2025;6.15238261407829;;;;;;
30.06.2025;1.10425739652327;;;;;;
