Date,PortfolioReturn
2015-01-02,-0.004505524201266756
2015-01-05,-0.017251622855290413
2015-01-06,-0.01727729400296312
2015-01-07,0.00877639260779824
2015-01-08,0.0160954751706064
2015-01-09,-0.010204489862740182
2015-01-12,-0.007640085271179543
2015-01-13,-9.647075641298527e-4
2015-01-14,-0.003233498550468541
2015-01-15,-0.015340954624374329
2015-01-16,0.017144301451682706
2015-01-20,-0.006484011185131858
2015-01-21,-8.704178578500703e-4
2015-01-22,0.02026167609087604
2015-01-23,-0.004306352619882737
2015-01-26,0.009639930575285059
2015-01-27,-0.0036408415070022767
2015-01-28,-0.017416924494500045
2015-01-29,0.012060291270761315
2015-01-30,-0.016791129180375446
2015-02-02,0.015065992353098107
2015-02-03,0.020455290432081025
2015-02-04,-0.006441233410935424
2015-02-05,0.015289476580113372
2015-02-06,-0.0012972924489630911
2015-02-09,-0.005114551081934162
2015-02-10,0.0023854779357062694
2015-02-11,-0.00313603179135601
2015-02-12,0.011583801690769252
2015-02-13,0.005938483620749718
2015-02-17,0.002434002800783699
2015-02-18,1.292215786363489e-4
2015-02-19,-8.790572248654466e-4
2015-02-20,0.0013500276843536848
2015-02-23,-0.002032991015970212
2015-02-24,0.0027370034367076284
2015-02-25,9.77272619333417e-4
2015-02-26,5.750798768269764e-4
2015-02-27,-0.002123731383728631
2015-03-02,0.006050116500935412
2015-03-03,-0.0056188647825011605
2015-03-04,-0.00434521697326717
2015-03-05,8.685141888869149e-4
2015-03-06,-0.0122206691184068
2015-03-09,0.005852618006107126
2015-03-10,-0.01306183291911986
2015-03-11,0.007099052716696712
2015-03-12,0.017209802595987034
2015-03-13,-0.004484887860212868
2015-03-16,0.002326518346451057
2015-03-17,0.0012844269850323063
2015-03-18,0.008748240670064607
2015-03-19,-0.0013869380258983
2015-03-20,0.012206579708856727
2015-03-23,9.400290106343586e-4
2015-03-24,-0.0015851996492371328
2015-03-25,-0.016652770975929453
2015-03-26,-0.0014438822030670593
2015-03-27,0.0031141647986166238
2015-03-30,0.013319778113882371
2015-03-31,-0.002014910800055193
2015-04-01,0.001443840475291886
2015-04-02,0.00505046178782695
2015-04-06,0.00601234890610476
2015-04-07,-0.006846556906767833
2015-04-08,0.004336788277317192
2015-04-09,-0.002649610196122308
2015-04-10,0.003918192415985615
2015-04-13,1.523189444749292e-4
2015-04-14,0.0019949281821711753
2015-04-15,0.00986346837509567
2015-04-16,-0.0027945878397358554
2015-04-17,-0.01620457195329638
2015-04-20,0.009372877771677064
2015-04-21,-0.0027659193043676677
2015-04-22,0.0010925731660697694
2015-04-23,0.0031220825115349047
2015-04-24,-0.0024223940631795463
2015-04-27,-0.004970162146367187
2015-04-28,0.008875838903220185
2015-04-29,-0.0067713068471431945
2015-04-30,-0.01535344864402843
2015-05-01,0.006195502076920177
2015-05-04,0.0025146554188475276
2015-05-05,-0.010726868649334606
2015-05-06,7.890511702800067e-4
2015-05-07,0.0012841196824800256
2015-05-08,0.006863277394397111
2015-05-11,7.552165557100461e-4
2015-05-12,-0.0016487921109371443
2015-05-13,-9.639654068777491e-5
2015-05-14,0.00814044513187347
2015-05-15,-0.0015902607603346481
2015-05-18,0.009485717475547597
2015-05-19,-0.003196711258185105
2015-05-20,0.0017570778925139084
2015-05-21,0.0015207498469179332
2015-05-22,-0.004173733023430301
2015-05-26,-0.012324207213224797
2015-05-27,0.009513459852968656
2015-05-28,5.091201018624711e-5
2015-05-29,-0.0061508648904688495
2015-06-01,0.0020640391762021698
2015-06-02,0.005656661095682837
2015-06-03,0.008988176722937212
2015-06-04,-0.00984625208866533
2015-06-05,0.0052194634399716335
2015-06-08,-0.005667723580534549
2015-06-09,-0.001788920222689876
2015-06-10,0.013762235990636707
2015-06-11,3.641469253529029e-4
2015-06-12,-0.0026530108016262276
2015-06-15,-0.005088998339823862
2015-06-16,0.0059496505190576015
2015-06-17,-0.002939405256359188
2015-06-18,0.00895875365677928
2015-06-19,8.133995162706027e-4
2015-06-22,0.00416757959854761
2015-06-23,0.00558448794624764
2015-06-24,-0.006968317102965006
2015-06-25,-0.0035212464624059226
2015-06-26,-5.154725385324198e-4
2015-06-29,-0.02421473588115723
2015-06-30,0.002380598590048765
2015-07-01,0.003239007886997868
2015-07-02,-0.00594100368841517
2015-07-06,-0.0023610170590335185
2015-07-07,7.291236762230296e-4
2015-07-08,-0.013527424800887188
2015-07-09,0.0024216525005228804
2015-07-10,0.012387848199923092
2015-07-13,0.008949471173990278
2015-07-14,0.005692839727879326
2015-07-15,-0.00852540600721069
2015-07-16,0.00345760146486971
2015-07-17,-0.006710549341711024
2015-07-20,-0.006534408286918791
2015-07-21,-0.003225354210322171
2015-07-22,8.402394419333622e-4
2015-07-23,-0.010809773143887244
2015-07-24,-0.012651190284449205
2015-07-27,-0.007261766296148616
2015-07-28,0.008138329427685427
2015-07-29,0.007612326977633683
2015-07-30,0.001071064947565523
2015-07-31,0.0024081798865922973
2015-08-03,-0.006731723162277908
2015-08-04,-0.0027168049655410618
2015-08-05,0.0015037148139250616
2015-08-06,-0.003464463320765818
2015-08-07,-0.007108345991196374
2015-08-10,0.017633237686957914
2015-08-11,-0.006887202450708517
2015-08-12,-5.496554225196712e-4
2015-08-13,-0.0036814629610115897
2015-08-14,0.007358288771552316
2015-08-17,0.006593538722053824
2015-08-18,-0.0070862437755336224
2015-08-19,-0.00896724528079136
2015-08-20,-0.020219333781629604
2015-08-21,-0.013451113751009037
2015-08-24,-0.03813347675181259
2015-08-25,-0.009378272434035953
2015-08-26,0.023167427291508624
2015-08-27,0.02275343000436269
2015-08-28,0.00944650779923514
2015-08-31,0.004059442726781503
2015-09-01,-0.02886504759777353
2015-09-02,0.013656626773145707
2015-09-03,0.003624614085090421
2015-09-04,-0.009842199276988045
2015-09-08,0.01874861599822687
2015-09-09,-0.010852547319848534
2015-09-10,8.991020478738907e-4
2015-09-11,0.0012029345393578463
2015-09-14,-0.004019291296825827
2015-09-15,0.012473728426841553
2015-09-16,0.010664007138916378
2015-09-17,2.1588633349148634e-4
2015-09-18,-0.017454541018344708
2015-09-21,0.0033811059673700054
2015-09-22,-0.015284215618394752
2015-09-23,-0.00463686708841262
2015-09-24,9.047360483615004e-4
2015-09-25,-0.0044725991736975605
2015-09-28,-0.024638282427398378
2015-09-29,-0.004097174722186691
2015-09-30,0.011908538828640063
2015-10-01,-0.001640459159617996
2015-10-02,0.016358013017933534
2015-10-05,0.0295968489503293
2015-10-06,0.0014517598223369858
2015-10-07,0.01655574398010056
2015-10-08,0.013868613831471345
2015-10-09,-1.36711674469938e-4
2015-10-12,-0.00245378027818628
2015-10-13,-0.010443767264781328
2015-10-14,-0.00887173665742777
2015-10-15,0.01777904693226656
2015-10-16,-0.0028177302227272933
2015-10-19,-0.0016695526801325728
2015-10-20,0.003324461732324805
2015-10-21,-0.014115291610937036
2015-10-22,0.00908091069521363
2015-10-23,0.006755590574514331
2015-10-26,-0.008779883800962899
2015-10-27,-0.01593935230214186
2015-10-28,0.029382823740509312
2015-10-29,-0.00967835855698997
2015-10-30,-0.004365738085666553
2015-11-02,0.019807308396350424
2015-11-03,0.005504434481584314
2015-11-04,-0.0025875230677079477
2015-11-05,0.0026549815778296173
2015-11-06,0.00683602982326088
2015-11-09,-0.014050678207136074
2015-11-10,0.0030996028493190018
2015-11-11,-0.009530604817063386
2015-11-12,-0.02107532852975576
2015-11-13,-0.008114149855857318
2015-11-16,0.010349753005660258
2015-11-17,-0.005311940222155549
2015-11-18,0.014958288135591148
2015-11-19,-0.0017135576444555296
2015-11-20,0.004667591630131245
2015-11-23,0.0039495424949341365
2015-11-24,0.009640346011030589
2015-11-25,0.006926627573115451
2015-11-27,0.002625308446525174
2015-11-30,-0.0019616972669143
2015-12-01,0.006130533527868417
2015-12-02,-0.012148452501640981
2015-12-03,-0.0140219588199671
2015-12-04,0.006114533613941567
2015-12-07,-0.019716132077757235
2015-12-08,-0.008750601963377926
2015-12-09,-0.006856671802227401
2015-12-10,-8.265638840547715e-5
2015-12-11,-0.02182630141028069
2015-12-14,-0.008580667642184467
2015-12-15,6.076043965226721
2015-12-16,0.013722938007967072
2015-12-17,-0.010808126990652148
2015-12-18,-0.01157767899087323
2015-12-21,0.004889559015116946
2015-12-22,0.011594148752080426
2015-12-23,0.015748317099549446
2015-12-24,0.0012876431849386525
2015-12-28,-0.008401891623503919
2015-12-29,0.01004156665629801
2015-12-30,-0.01001038806336964
2015-12-31,-0.009465292584875974
2016-01-04,-0.017368666256736578
2016-01-05,-4.051005771986693e-4
2016-01-06,-0.01503412626315365
2016-01-07,-0.027784629381975533
2016-01-08,-0.01614365859355404
2016-01-11,-0.006301569654709982
2016-01-12,-0.0025856555628765853
2016-01-13,-0.029217845000631862
2016-01-14,0.011596908154308118
2016-01-15,-0.0171518280101017
2016-01-19,-0.016217058357266965
2016-01-20,0.0038527991220229886
2016-01-21,0.0038739199722713506
2016-01-22,0.022433093269965947
2016-01-25,-0.025545584980624668
2016-01-26,0.029465195914414308
2016-01-27,-0.009757358706954081
2016-01-28,0.004619815612946433
2016-01-29,0.035008148504801405
2016-02-01,-0.00882327116612431
2016-02-02,-0.02264214840648503
2016-02-03,0.005416856600579262
2016-02-04,0.008562869172472409
2016-02-05,-0.016847514348000733
2016-02-08,-0.013166544403512429
2016-02-09,-0.007619849012347626
2016-02-10,-8.902759181557107e-4
2016-02-11,-0.014164425614148447
2016-02-12,0.02318964029096891
2016-02-16,0.022430844733732268
2016-02-17,0.019001491200199932
2016-02-18,-0.0017016317205509489
2016-02-19,-0.001720043207792657
2016-02-22,0.01622277985111274
2016-02-23,-0.010393024149493706
2016-02-24,0.008291474655644825
2016-02-25,0.009645726119892692
2016-02-26,0.008840039183163133
2016-02-29,0.0010954415511923335
2016-03-01,0.01731277241782537
2016-03-02,0.012535381529365855
2016-03-03,0.016081959386510525
2016-03-04,0.007351734145141202
2016-03-07,0.015610258696282362
2016-03-08,-0.02476648790744169
2016-03-09,0.006938034979182727
2016-03-10,-0.0065041569553174255
2016-03-11,0.022342731129985468
2016-03-14,-0.005739633152332905
2016-03-15,-0.01676929388537794
2016-03-16,0.00974769736168109
2016-03-17,0.019509349552376196
2016-03-18,0.007494160606494072
2016-03-21,-0.002003271058571449
2016-03-22,-0.0029364267908615345
2016-03-23,-0.021451787318322903
2016-03-24,0.005194305303719659
2016-03-28,6.99001615792456e-4
2016-03-29,0.02321777685037934
2016-03-30,0.0033737032962398387
2016-03-31,0.0018023819116616238
2016-04-01,-0.0017017961802242641
2016-04-04,-0.010824525998362398
2016-04-05,-0.010893540965813343
2016-04-06,0.009319563790522777
2016-04-07,-0.01453268475372119
2016-04-08,0.008341436072238516
2016-04-11,0.001782591321338786
2016-04-12,0.013439230487945202
2016-04-13,0.021740704846750926
2016-04-14,-0.0018052614303725849
2016-04-15,0.001367451615060135
2016-04-18,0.0056929401758251084
2016-04-19,0.007025683073890308
2016-04-20,0.001929724635263791
2016-04-21,-0.007353585641440372
2016-04-22,0.011168449219003874
2016-04-25,-0.008694548970994039
2016-04-26,0.015588184618485199
2016-04-27,0.006822572566007808
2016-04-28,-0.010851706997239073
2016-04-29,-0.006282139845732042
2016-05-02,0.006169293678830983
2016-05-03,-0.01839552217639469
2016-05-04,-0.004660184447572008
2016-05-05,-0.005233060849113741
2016-05-06,0.008547926071845022
2016-05-09,-0.005404659409527603
2016-05-10,0.009775748182835832
2016-05-11,-0.01030734155175065
2016-05-12,-0.0057924871301412145
2016-05-13,-0.0076726188170793096
2016-05-16,0.011589797429598602
2016-05-17,-0.01385862001089068
2016-05-18,0.001617669038080672
2016-05-19,-0.0072289599637630035
2016-05-20,0.016027354094735876
2016-05-23,-6.162424081976625e-4
2016-05-24,0.017903156097529585
2016-05-25,0.009696798606106682
2016-05-26,-0.0033838428879190063
2016-05-27,0.007810137082303458
2016-05-31,0.003681885492740782
2016-06-01,0.005744368030074985
2016-06-02,0.003736973746633178
2016-06-03,-0.0035021548948139677
2016-06-06,0.013277753388017854
2016-06-07,0.0027726716876805483
2016-06-08,0.007916027251837968
2016-06-09,-0.00867739283458433
2016-06-10,-0.015519495787261703
2016-06-13,-0.012948157613221425
2016-06-14,-0.004949551478493603
2016-06-15,0.002443582930968746
2016-06-16,-0.0023056592798445835
2016-06-17,0.0010378063543596938
2016-06-20,0.012922839818121304
2016-06-21,198.61213776910637
2016-06-22,-0.0039478500798910306
2016-06-23,0.02050147999373405
2016-06-24,-0.04049364612012671
2016-06-27,-0.03329197716106291
2016-06-28,0.015477291412033833
2016-06-29,0.021534612278151812
2016-06-30,0.01991908402398587
2016-07-01,0.003401841792634733
2016-07-05,-0.017468677653754025
2016-07-06,0.006553719168327674
2016-07-07,0.001800584421073533
2016-07-08,0.024952826154103807
2016-07-11,0.011118744022883494
2016-07-12,0.017109966342429624
2016-07-13,-0.0013882629626317993
2016-07-14,0.0029995356211380917
2016-07-15,0.0020107504424292945
2016-07-18,0.0012855940467326455
2016-07-19,-0.007154673681299055
2016-07-20,0.00389289820192603
2016-07-21,-0.0032265316215860976
2016-07-22,0.006621923168555026
2016-07-25,-0.004380963536785949
2016-07-26,0.006081130131888453
2016-07-27,0.0017455196098895812
2016-07-28,-0.003215545282716991
2016-07-29,0.0019445657428674688
2016-08-01,-0.003052578958964657
2016-08-02,-0.013387784734310397
2016-08-03,0.010050754679063682
2016-08-04,0.002482657630136005
2016-08-05,0.018154511747374036
2016-08-08,4.76016372384436e-4
2016-08-09,-0.0010497238225338204
2016-08-10,-0.007335250651344018
2016-08-11,0.005076803210125301
2016-08-12,-1.575482808657582e-4
2016-08-15,0.010384399248248423
2016-08-16,-0.0063512806794360725
2016-08-17,-3.100885122239766e-4
2016-08-18,0.007132098773701162
2016-08-19,0.0010773178742238022
2016-08-22,0.001379843947256998
2016-08-23,0.007700506065469706
2016-08-24,-0.007796315671426057
2016-08-25,0.0032663471957575596
2016-08-26,-0.0030611532536881075
2016-08-29,0.006721678336749905
2016-08-30,-1.4079400283156503e-4
2016-08-31,-0.004686146605884629
2016-09-01,-9.466947550042629e-4
2016-09-02,0.010890540476330092
2016-09-06,-5.359433107715461e-4
2016-09-07,0.008041962040904056
2016-09-08,1.587467296076281e-4
2016-09-09,-0.03073122299821154
2016-09-12,0.010132873643812042
2016-09-13,-0.019856576231933754
2016-09-14,-0.002794622757189365
2016-09-15,0.011729576071532135
2016-09-16,-0.002778982371964292
2016-09-19,0.006016508050682039
2016-09-20,-0.0054930304241304195
2016-09-21,0.013614839529397127
2016-09-22,0.014605713324367817
2016-09-23,-0.006303720228624393
2016-09-26,-0.010441350743489236
2016-09-27,0.0016697351519404699
2016-09-28,0.012324487240051809
2016-09-29,-0.009947957042289462
2016-09-30,0.0111472004813051
2016-10-03,-0.005809760337541065
2016-10-04,-0.004200185445862588
2016-10-05,0.00855781330327978
2016-10-06,0.0011500942349095546
2016-10-07,-0.007179016399007786
2016-10-10,0.010490389942442788
2016-10-11,-0.01597322004800764
2016-10-12,0.0015636943253302046
2016-10-13,-0.010977097251498385
2016-10-14,-5.66258706557656e-4
2016-10-17,-0.0018906695602078445
2016-10-18,0.004237251196113498
2016-10-19,0.0069712718073163165
2016-10-20,-0.0033549773699239746
2016-10-21,-0.0011117736247859252
2016-10-24,0.006380601999155586
2016-10-25,-0.007755510494662257
2016-10-26,-0.007247173208844519
2016-10-27,-0.008699245227053665
2016-10-28,-0.002634702010943167
2016-10-31,0.005271686297912595
2016-11-01,-0.012256096779597221
2016-11-02,-0.010602022870822589
2016-11-03,-0.0028278160427274504
2016-11-04,0.004573505673282209
2016-11-07,0.022025994980012054
2016-11-08,0.0023103003472657096
2016-11-09,0.03335649581321859
2016-11-10,0.019971428918526463
2016-11-11,0.021545036517179275
2016-11-14,0.016299464668874303
2016-11-15,0.0030008381724272596
2016-11-16,-4.8674440166922295e-4
2016-11-17,0.0040886894527667385
2016-11-18,0.005242374161286877
2016-11-21,0.006082149038731394
2016-11-22,0.012151489526361388
2016-11-23,0.00564078709230207
2016-11-25,0.002759949835094584
2016-11-28,-0.009909726108723767
2016-11-29,-5.917430448678366e-4
2016-11-30,4.954309177171333e-5
2016-12-01,-0.0017041157072540721
2016-12-02,2.8002263426877205e-4
2016-12-05,0.018251162501693716
2016-12-06,0.011683708832958759
2016-12-07,0.012341530192960951
2016-12-08,0.014261662451508774
2016-12-09,0.0027864069941821532
2016-12-12,-0.010358356987913197
2016-12-13,-7.088692063353368e-4
2016-12-14,-0.013176357467860013
2016-12-15,0.006241117357739496
2016-12-16,-9.919154434219622e-4
2016-12-19,0.00648292772558367
2016-12-20,0.010258197734728
2016-12-21,-0.004493150178464506
2016-12-22,-0.008490713922604412
2016-12-23,0.0022059203068067667
2016-12-27,0.006029208829586308
2016-12-28,-0.010571638537116719
2016-12-29,0.0012469464015758484
2016-12-30,-0.0036054579467837454
2017-01-03,0.0076602397547815065
2017-01-04,0.016902032362458762
2017-01-05,-0.013282801028589645
2017-01-06,-0.004801704983671117
2017-01-09,-0.008879651521213637
2017-01-10,0.01106754538958599
2017-01-11,0.0031619092907410737
2017-01-12,-0.010425549407012498
2017-01-13,0.007424946669999592
2017-01-17,-0.01060546635748314
2017-01-18,0.004749216194427598
2017-01-19,-0.00986970460508239
2017-01-20,0.005570411363326233
2017-01-23,-0.0020382488495266277
2017-01-24,0.01796943892808597
2017-01-25,0.01006244703107105
2017-01-26,-0.004123308675994456
2017-01-27,-0.0038985106107598546
2017-01-30,-0.013113805755185153
2017-01-31,0.005063067945654161
2017-02-01,-0.0010266051450874847
2017-02-02,-0.00272150739472166
2017-02-03,0.01463779577682336
2017-02-06,-0.0077748955717092515
2017-02-07,-0.003931787216360216
2017-02-08,-0.0027094118292947562
2017-02-09,0.012514381874408247
2017-02-10,0.008687181470448963
2017-02-13,0.002302322930712367
2017-02-14,0.003375383881155555
2017-02-15,0.0055123798379076395
2017-02-16,-0.0021316808466032085
2017-02-17,-0.0020981149638291414
2017-02-21,0.007104627563885492
2017-02-22,-0.004417338272465409
2017-02-23,-0.005598765344097195
2017-02-24,-0.0010706613331919201
2017-02-27,0.008702012017524425
2017-02-28,-0.014330610917294682
2017-03-01,0.01787031759348978
2017-03-02,-0.01320692661639068
2017-03-03,-0.0019295605147469162
2017-03-06,-0.008072396266796523
2017-03-07,-0.006517422341532301
2017-03-08,-0.008209556763087975
2017-03-09,-0.006063799467788949
2017-03-10,0.0031706199157230815
2017-03-13,0.002424131156370966
2017-03-14,-0.004403461715826997
2017-03-15,0.014587341328139214
2017-03-16,0.0037724836137698176
2017-03-17,0.003637848530216759
2017-03-20,-0.005476174695253106
2017-03-21,-0.025644375616186307
2017-03-22,-0.0031232621335914946
2017-03-23,0.008008187002400378
2017-03-24,-3.892400769244992e-4
2017-03-27,-3.10005691188723e-4
2017-03-28,0.009399883173030863
2017-03-29,0.005037329414596484
2017-03-30,0.00989205192002503
2017-03-31,0.0024020675277329553
2017-04-03,-0.012211653608935441
2017-04-04,4.595768199238001e-4
2017-04-05,-0.01122270120777095
2017-04-06,0.010842978739367943
2017-04-07,2.6440866160354348e-5
2017-04-10,0.0035919999469312056
2017-04-11,0.008490657368663798
2017-04-12,-0.013804104798144645
2017-04-13,-0.012966532392893968
2017-04-17,0.011721268320122982
2017-04-18,9.216906923328804e-4
2017-04-19,0.0025386573321194055
2017-04-20,0.01354825784242556
2017-04-21,-0.0015923559877600393
2017-04-24,0.012100612119305269
2017-04-25,0.009913545356300575
2017-04-26,0.0071657566501240446
2017-04-27,-0.005193147075003672
2017-04-28,-0.013692822040627661
2017-05-01,0.004561739756212613
2017-05-02,-0.0027434420675995276
2017-05-03,-0.006081547782480381
2017-05-04,-0.0050539730986273535
2017-05-05,0.005321276648883315
2017-05-08,-0.0013022764033317536
2017-05-09,-0.0010780487144943375
2017-05-10,0.004943059259338564
2017-05-11,-0.007285744161893062
2017-05-12,-0.007084340783134427
2017-05-15,0.006779536583721269
2017-05-16,-2.7125609920587924e-4
2017-05-17,-0.02589857475114141
2017-05-18,0.002516581078031777
2017-05-19,0.005652394692007644
2017-05-22,0.007100972815530565
2017-05-23,0.0027173213052018017
2017-05-24,-6.532625192962326e-4
2017-05-25,-0.0017289831772725477
2017-05-26,-0.0011517517595541257
2017-05-30,-0.009527069926887226
2017-05-31,-0.0015541121445221088
2017-06-01,0.01795768526741453
2017-06-02,0.003364814309562135
2017-06-05,-0.0047840982093788785
2017-06-06,-0.0015078373128772308
2017-06-07,5.558083502657472e-4
2017-06-08,0.01471720783434291
2017-06-09,0.011609312077759788
2017-06-12,0.0016366929377663686
2017-06-13,0.0059057672679663446
2017-06-14,-0.0068552354420946485
2017-06-15,-0.00634123198765833
2017-06-16,-0.0031404064698872997
2017-06-19,0.004635625510182168
2017-06-20,-0.011794281576059077
2017-06-21,-0.008169963570162737
2017-06-22,0.002902835884084388
2017-06-23,0.006396347986808516
2017-06-26,0.004278782901004282
2017-06-27,-0.00463938585649947
2017-06-28,0.014279529037158347
2017-06-29,-0.003220635446815948
2017-06-30,3.43330642959082e-4
2017-07-03,0.011392546871629092
2017-07-05,-0.007492309836999609
2017-07-06,-0.013795305184633204
2017-07-07,0.009262960204393144
2017-07-10,-0.0062039096760675
2017-07-11,0.0018918274743051431
2017-07-12,0.006862960998901529
2017-07-13,0.0031968914608125876
2017-07-14,0.0022081418092582145
2017-07-17,0.0028732306085061383
2017-07-18,-0.0025131391993612373
2017-07-19,0.0111370420826121
2017-07-20,-3.12877510019493e-4
2017-07-21,-0.004971163495313613
2017-07-24,-2.0796703562198218e-4
2017-07-25,0.011058173871417271
2017-07-26,-0.006563593222995656
2017-07-27,-0.0014299157529842584
2017-07-28,-0.0014749741040631847
2017-07-31,-0.0017311450947188726
2017-08-01,0.0016329439489679099
2017-08-02,-0.008903225231500118
2017-08-03,-0.005786940699850767
2017-08-04,0.005911906815399788
2017-08-07,-0.001190114407327152
2017-08-08,-0.0036306089809200566
2017-08-09,-0.007638235000126047
2017-08-10,-0.01638635927585793
2017-08-11,-0.00119548887927075
2017-08-14,0.013798643235317652
2017-08-15,-0.009983384368194646
2017-08-16,4.6541088485690355e-4
2017-08-17,-0.01855210930170301
2017-08-18,-0.00216518521287826
2017-08-21,-0.0016929531407959687
2017-08-22,0.008303187474030409
2017-08-23,-8.166394457917535e-4
2017-08-24,0.0035727640327009435
2017-08-25,0.006051634246271619
2017-08-28,-8.229134507855783e-4
2017-08-29,6.135373648088898e-4
2017-08-30,0.0050497013203053285
2017-08-31,0.008593847899872617
2017-09-01,0.008306575008932475
2017-09-05,-0.011073363878723924
2017-09-06,0.002929557336142626
2017-09-07,-0.0036291999238016993
2017-09-08,0.0039929997960573595
2017-09-11,0.012120886834782739
2017-09-12,0.008680040529707726
2017-09-13,0.0036173170601311575
2017-09-14,-6.905916120998816e-4
2017-09-15,0.0048916959876375956
2017-09-18,0.004986230902685125
2017-09-19,-6.82364677318632e-4
2017-09-20,0.004771456896674965
2017-09-21,-7.339602972551106e-4
2017-09-22,0.005930192586826203
2017-09-25,0.00340585264055283
2017-09-26,0.006262256150599466
2017-09-27,0.015643369805382775
2017-09-28,0.003992471605116284
2017-09-29,0.0021993728975064496
2017-10-02,0.011441390792954129
2017-10-03,0.0015440907671646633
2017-10-04,-0.005235169925930541
2017-10-05,0.0043624034655455
2017-10-06,-0.0018134845205394928
2017-10-09,-0.004276043129606953
2017-10-10,0.003579559962948877
2017-10-11,-6.44121207596803e-5
2017-10-12,-9.629070485190706e-4
2017-10-13,-0.001343212267324764
2017-10-16,8.89591285991322e-4
2017-10-17,-0.004387604747271085
2017-10-18,0.00474160605550242
2017-10-19,-0.002118130958411149
2017-10-20,0.0044653088041187155
2017-10-23,-0.006380036634240561
2017-10-24,0.0018439369306046836
2017-10-25,-0.0029987230558457846
2017-10-26,0.0030843466516585613
2017-10-27,0.004223807510592134
2017-10-30,-0.011364530886794233
2017-10-31,0.008838932092325957
2017-11-01,-0.004076639883154667
2017-11-02,0.0030050435681781605
2017-11-03,-0.003917928309496872
2017-11-06,0.003721984119094623
2017-11-07,-0.013563524164186378
2017-11-08,9.288747052346922e-5
2017-11-09,-0.0018991325437006728
2017-11-10,-1.5327592683132065e-4
2017-11-13,3.203363450626899e-4
2017-11-14,-0.0021633208827447886
2017-11-15,-0.004709464204223752
2017-11-16,0.015059803242141205
2017-11-17,0.005358734549909483
2017-11-20,0.006858163953482661
2017-11-21,0.009208367676778458
2017-11-22,-8.150503486289594e-4
2017-11-24,1.5619839019631428e-4
2017-11-27,-0.002082053692341263
2017-11-28,0.01617202642084746
2017-11-29,0.010135336104405262
2017-11-30,-5.766208091268475e-4
2017-12-01,-0.004516052412565999
2017-12-04,0.0024757715719447818
2017-12-05,-0.010440473370423494
2017-12-06,-0.007198858801061167
2017-12-07,0.005303577509924571
2017-12-08,3.5498683485788373e-4
2017-12-11,-0.0019391154094402544
2017-12-12,-0.0016157366312982658
2017-12-13,0.00284969342758786
2017-12-14,-0.01129685166773335
2017-12-15,0.01462930999851389
2017-12-18,0.014649437666527076
2017-12-19,-0.008195386689720823
2017-12-20,0.003111172042142399
2017-12-21,0.004558324687011628
2017-12-22,-0.002636754537977951
2017-12-26,0.001357235331062912
2017-12-27,-0.0012902162658733455
2017-12-28,0.0037893965699023605
2017-12-29,-0.00706400275748496
2018-01-02,0.010209126862906657
2018-01-03,-7.734999823872013e-4
2018-01-04,7.237049570070897e-4
2018-01-05,0.0026480602344154756
2018-01-08,0.002452699467173373
2018-01-09,-0.002373222139738619
2018-01-10,-2.028945833631175e-4
2018-01-11,0.019557503993643126
2018-01-12,0.003440113973952157
2018-01-16,-0.009534190957079807
2018-01-17,0.00752527832857933
2018-01-18,-0.008121855673393172
2018-01-19,0.01308916198917117
2018-01-22,0.002412155788650145
2018-01-23,0.00410006123625569
2018-01-24,-0.005081279222140564
2018-01-25,-8.557483743760341e-4
2018-01-26,0.0024569469104567154
2018-01-29,-0.007577789492355113
2018-01-30,-0.009588660031291782
2018-01-31,-0.004121818301750868
2018-02-01,0.002649352245072773
2018-02-02,-0.019704339115912208
2018-02-05,-0.03586374871475191
2018-02-06,0.009683347290142611
2018-02-07,-1.6561826377761065e-4
2018-02-08,-0.02554357517957038
2018-02-09,0.009843250486481494
2018-02-12,0.006613374197749291
2018-02-13,0.0024130429972965277
2018-02-14,0.01925684964209011
2018-02-15,0.008634563862941378
2018-02-16,0.004024769152735443
2018-02-20,-0.010101069789363754
2018-02-21,0.0010562785855477421
2018-02-22,-5.061827772711403e-4
2018-02-23,0.010576391419187488
2018-02-26,0.00576452456652799
2018-02-27,-0.015314974570694721
2018-02-28,-0.016100486377073675
2018-03-01,-0.0016862861588325861
2018-03-02,0.013196935656136827
2018-03-05,0.008268654538892717
2018-03-06,0.011953789070268842
2018-03-07,0.005804662149725776
2018-03-08,-0.0023456749266075197
2018-03-09,0.01583517677556076
2018-03-12,0.0024463242673268535
2018-03-13,-0.004091028876844522
2018-03-14,-0.006560045945216305
2018-03-15,-0.003841453921164952
2018-03-16,0.00814135415261729
2018-03-19,-0.00809934743453828
2018-03-20,-0.0027570459023979464
2018-03-21,0.005127192913443197
2018-03-22,-0.021873746275134977
2018-03-23,-0.021087401303922285
2018-03-26,0.02004226718627283
2018-03-27,-0.015133866660781956
2018-03-28,0.0027853580697105077
2018-03-29,0.009455257102259073
2018-04-02,-0.020805969951052408
2018-04-03,0.014040873415799186
2018-04-04,0.011304110540882307
2018-04-05,0.009095046257197066
2018-04-06,-0.018679913815940283
2018-04-09,-0.004155287368776873
2018-04-10,0.01783300456786557
2018-04-11,0.001208387547008388
2018-04-12,0.0051930246061460544
2018-04-13,-0.0031551116359071125
2018-04-16,0.010143278544899192
2018-04-17,0.006549948344487027
2018-04-18,0.0018130927391844082
2018-04-19,-0.005624188857104374
2018-04-20,-0.005253760135787132
2018-04-23,-2.8363029978738415e-4
2018-04-24,-0.003379667525178784
2018-04-25,-9.767087838225324e-4
2018-04-26,0.0049804443159358214
2018-04-27,-6.883648285869503e-4
2018-04-30,-0.010401042862406711
2018-05-01,0.0029697564899393283
2018-05-02,0.003794363528045776
2018-05-03,-0.004128834841847658
2018-05-04,0.011779071181933231
2018-05-07,0.0077704419465249395
2018-05-08,0.007313363313941783
2018-05-09,0.007355124905453984
2018-05-10,0.005422428336905139
2018-05-11,4.571234505551297e-4
2018-05-14,-0.0030399305971979887
2018-05-15,5.373926653452721e-4
2018-05-16,0.00927122524133027
2018-05-17,0.006903143027511232
2018-05-18,-4.44339339870828e-4
2018-05-21,0.009272718907929684
2018-05-22,-0.005296428266277326
2018-05-23,7.656769977459334e-4
2018-05-24,0.001127950627126017
2018-05-25,-4.7924719456316856e-4
2018-05-29,-0.00254130601418029
2018-05-30,0.01564010451154714
2018-05-31,-0.010883653231334795
2018-06-01,0.006960460995304773
2018-06-04,0.005446745934449678
2018-06-05,0.0053228198097008675
2018-06-06,0.007208661896836076
2018-06-07,3.778000419170394e-4
2018-06-08,0.0015547622007779462
2018-06-11,0.0012935380876291436
2018-06-12,0.0027158819736385533
2018-06-13,-0.005896344411005963
2018-06-14,0.0027495728581451266
2018-06-15,-3.2870741425575407e-4
2018-06-18,0.005172216894435911
2018-06-19,2.998037749564681e-4
2018-06-20,0.008405311761396512
2018-06-21,-0.00895130671963851
2018-06-22,0.0023928195783269046
2018-06-25,-0.01411928465810694
2018-06-26,0.0065224613942119125
2018-06-27,-0.013767333355849712
2018-06-28,0.001010045227743582
2018-06-29,-3.752254211638589e-4
2018-07-02,0.005916174318322119
2018-07-03,0.002800239097797696
2018-07-05,0.01039979034885055
2018-07-06,0.0072792287483059315
2018-07-09,0.008287235191676384
2018-07-10,-0.0034702489585762644
2018-07-11,-0.008706239769826637
2018-07-12,8.481559807451986e-4
2018-07-13,-0.0012802408739128173
2018-07-16,-0.0048263402144609275
2018-07-17,0.003067935128068221
2018-07-18,0.0038036022319431627
2018-07-19,0.005927990143000126
2018-07-20,-0.003346472337615666
2018-07-23,1.2926714242877393e-4
2018-07-24,-0.008217316158335798
2018-07-25,-0.001119986757619868
2018-07-26,0.006341630718470157
2018-07-27,-0.0162739609858486
2018-07-30,-0.0032959674482245065
2018-07-31,0.008763842879649894
2018-08-01,-0.0014342069102893892
2018-08-02,0.006425039182869993
2018-08-03,-0.0033859458227415346
2018-08-06,0.00470428182744792
2018-08-07,0.002921411609485818
2018-08-08,-6.239065829643734e-4
2018-08-09,0.002464683550731877
2018-08-10,-0.004384324386291366
2018-08-13,-0.006393818822493173
2018-08-14,0.010010002733190807
2018-08-15,-0.012739450273440886
2018-08-16,0.009421186883898813
2018-08-17,0.005508130354526177
2018-08-20,0.0036824761640021878
2018-08-21,0.011162252470713119
2018-08-22,0.001067834567864769
2018-08-23,-0.004677719056594144
2018-08-24,0.003218286707873805
2018-08-27,0.002448561199660821
2018-08-28,0.0013696104059783294
2018-08-29,0.0020517648445515344
2018-08-30,-0.002959001454019595
2018-08-31,0.0027139498887424084
2018-09-04,-0.005526817495272652
2018-09-05,-9.79655223168124e-4
2018-09-06,-0.007695393262852787
2018-09-07,-0.004253174336616693
2018-09-10,0.0011588993532133127
2018-09-11,-3.3584325863794527e-4
2018-09-12,-9.531872122457094e-4
2018-09-13,-3.5914128055539044e-4
2018-09-14,0.0057310075176071375
2018-09-17,-0.0076697756480284705
2018-09-18,0.001988849678693314
2018-09-19,-0.0033414837559184603
2018-09-20,0.009727125890224193
2018-09-21,-0.0032791797601163814
2018-09-24,-6.529193715273085e-5
2018-09-25,-7.194595759298329e-4
2018-09-26,-0.00862075799210904
2018-09-27,-8.767091325211653e-4
2018-09-28,0.004853387572157867
2018-10-01,-0.011328421969107374
2018-10-02,-0.007065987345218004
2018-10-03,0.008551112840481528
2018-10-04,-0.011549060036503108
2018-10-05,-0.009019296706503912
2018-10-08,0.002698350405061354
2018-10-09,-0.004580911694704576
2018-10-10,-0.02333565350983757
2018-10-11,-0.01910625368068044
2018-10-12,-0.004318061257881913
2018-10-15,0.006716998396063105
2018-10-16,0.021301310398351713
2018-10-17,-0.005447692190917322
2018-10-18,-0.01836484409449365
2018-10-19,-0.008498720850944665
2018-10-22,-0.006252509867762621
2018-10-23,-0.008864216512815997
2018-10-24,-0.033591574466476926
2018-10-25,0.02195330692659269
2018-10-26,-0.00882318574509548
2018-10-29,-0.0029564161870621556
2018-10-30,0.019933784267575583
2018-10-31,0.0011716548753721836
2018-11-01,0.0200453296010534
2018-11-02,0.004983430644694612
2018-11-05,0.001577411417864113
2018-11-06,0.00570429685959052
2018-11-07,0.011806694892669908
2018-11-08,-0.0022448648501352587
2018-11-09,-0.016961223675342956
2018-11-12,-0.0161963730529514
2018-11-13,-0.0028920330582487414
2018-11-14,-0.005597902548317877
2018-11-15,0.012030338943349069
2018-11-16,0.003669867796363551
2018-11-19,-0.012860402714635082
2018-11-20,-0.0186738077147268
2018-11-21,0.010866917455288515
2018-11-23,-0.0015125998803844542
2018-11-26,0.008311971110184894
2018-11-27,-0.007739822885476822
2018-11-28,0.021576851108349362
2018-11-29,-0.004209876765081694
2018-11-30,0.005117467627533645
2018-12-03,0.008788854936604123
2018-12-04,-0.04440340839945545
2018-12-06,-0.0036693357630859158
2018-12-07,-0.017463631640662503
2018-12-10,-0.009086395344649403
2018-12-11,-0.00397838229808997
2018-12-12,0.009107122549523967
2018-12-13,-0.015795862519640814
2018-12-14,-0.014996884709899617
2018-12-17,-0.017072330158239606
2018-12-18,-0.001215191359287179
2018-12-19,-0.021652350094970567
2018-12-20,-0.01283737478611096
2018-12-21,-0.01959147283181282
2018-12-24,-0.020635621480366722
2018-12-26,0.04555834751185885
2018-12-27,1.914868618540424e-4
2018-12-28,0.0047128953399404976
2018-12-31,0.0055285822093386165
2019-01-02,0.010583672757150778
2019-01-03,-0.011478795026132683
2019-01-04,0.03500293857780274
2019-01-07,0.016990672291356267
2019-01-08,0.015457241443259172
2019-01-09,0.01117098640903494
2019-01-10,0.0036712105209125334
2019-01-11,0.0021920005971409248
2019-01-14,-0.007503398375015602
2019-01-15,0.0051723121199348755
2019-01-16,0.00941193795440245
2019-01-17,0.007979656578978762
2019-01-18,0.012138785495959575
2019-01-22,-0.016104968299447794
2019-01-23,-0.00431399880208001
2019-01-24,0.007634903958429333
2019-01-25,0.012853974056954069
2019-01-28,-0.003730316315906813
2019-01-29,8.761292513215844e-4
2019-01-30,0.009298102451515425
2019-01-31,0.007149583274314387
2019-02-01,0.0021609873763828924
2019-02-04,0.009438559715033821
2019-02-05,5.353298249209299e-4
2019-02-06,-9.200347091731728e-4
2019-02-07,-0.006266853292815162
2019-02-08,-0.0015553916903057383
2019-02-11,0.008365067983873476
2019-02-12,0.012998903399847148
2019-02-13,0.005962094417025113
2019-02-14,2.2216800971421074e-4
2019-02-15,0.015309840614258293
2019-02-19,0.0060395115401977026
2019-02-20,0.00789259262471051
2019-02-21,-0.0051296643950863125
2019-02-22,0.006637495612884504
2019-02-25,-0.0027064296183913475
2019-02-26,-0.00840528332736092
2019-02-27,0.0013376382244372493
2019-02-28,-0.0031981013532112494
2019-03-01,0.004043573593939669
2019-03-04,-0.004919551590992523
2019-03-05,-0.004151739686142299
2019-03-06,-0.019107039129450165
2019-03-07,-0.010343762786038142
2019-03-08,-0.0011043843227053845
2019-03-11,0.016252707042182624
2019-03-12,-7.77810334131719e-4
2019-03-13,0.0043777782976817834
2019-03-14,-0.003376929298864854
2019-03-15,0.0011172338286289823
2019-03-18,0.00866658832436399
2019-03-19,-0.009139688540216542
2019-03-20,-0.008769201018988534
2019-03-21,0.011272175947765743
2019-03-22,-0.03427115830648694
2019-03-25,0.0034848522990761866
2019-03-26,0.011214659092048164
2019-03-27,0.0010334327688574906
2019-03-28,0.009866216601229695
2019-03-29,2.218355501800909e-4
2019-04-01,0.01502703045093135
2019-04-02,-0.0035085773076555444
2019-04-03,0.002867705390815702
2019-04-04,0.009453344449780432
2019-04-05,0.011414525040671161
2019-04-08,-0.0012802364055969216
2019-04-09,-0.013956480960203747
2019-04-10,0.014066996145700809
2019-04-11,-4.307711701721808e-4
2019-04-12,0.005412800905957881
2019-04-15,-0.005180861572026323
2019-04-16,0.006213675951357375
2019-04-17,-0.0038395680072240146
2019-04-18,-6.155409808155763e-4
2019-04-22,-0.007857414064858981
2019-04-23,0.014610411607598454
2019-04-24,0.0019201980253379422
2019-04-25,-0.010729440089015519
2019-04-26,0.010181657691564665
2019-04-29,0.00456023028891408
2019-04-30,-0.0036853723517244136
2019-05-01,-0.007985782072422678
2019-05-02,0.0019595590097516414
2019-05-03,0.0203425544605575
2019-05-06,3.516450238645318e-4
2019-05-07,-0.01767680024090087
2019-05-08,-0.0057845430284325676
2019-05-09,-0.0013685324057056206
2019-05-10,0.0025660835419664537
2019-05-13,-0.028865192078604184
2019-05-14,0.012376522828573454
2019-05-15,0.002202433084472791
2019-05-16,0.0037678300685856253
2019-05-17,-0.014059845611361485
2019-05-20,-0.006222649410728905
2019-05-21,0.011836389621220838
2019-05-22,-0.010667703221811636
2019-05-23,-0.019501320968485607
2019-05-24,0.007530163311183157
2019-05-28,-0.008380497032525951
2019-05-29,-0.007634376884236797
2019-05-30,-0.00618399047265661
2019-05-31,-0.01431268799366024
2019-06-03,0.008772737058203221
2019-06-04,0.026042980434586523
2019-06-05,-0.0031864848377574596
2019-06-06,-0.002149927838087071
2019-06-07,0.006399467719944541
2019-06-10,0.006599769484803806
2019-06-11,6.577167458909726e-4
2019-06-12,-0.003415931848060004
2019-06-13,0.011856047072351944
2019-06-14,-0.008974819286848797
2019-06-17,0.0014878709169961685
2019-06-18,0.012626771777799035
2019-06-19,1.889381157704858e-4
2019-06-20,0.0054139259824853144
2019-06-21,-0.009723038453040692
2019-06-24,-0.011690466641198797
2019-06-25,-0.002975618675825826
2019-06-26,0.0011123341195396123
2019-06-27,0.017985917958661817
2019-06-28,0.014692081424686913
2019-07-01,0.00317876353613902
2019-07-02,-0.006716247717119012
2019-07-03,0.006147031565465296
2019-07-05,0.0049054849575221075
2019-07-08,-0.009003582333921137
2019-07-09,-0.0019324026068586236
2019-07-10,3.9526821241339747e-4
2019-07-11,-0.004140973394880997
2019-07-12,0.009719178359619069
2019-07-15,-0.0061401644777343
2019-07-16,0.0014391381221236766
2019-07-17,-0.0079777980013435
2019-07-18,9.595578853170649e-4
2019-07-19,-0.002264880557102982
2019-07-22,-0.0026244477165389573
2019-07-23,0.010713816329033992
2019-07-24,0.01762398092957815
2019-07-25,-0.01072602093101398
2019-07-26,0.01156702677704881
2019-07-29,-0.005656581598832536
2019-07-30,0.01060745271655995
2019-07-31,-0.006510971691393247
2019-08-01,-0.018838629511276753
2019-08-02,-0.009519064079576593
2019-08-05,-0.02771439760945385
2019-08-06,0.006971024138555638
2019-08-07,-0.0024102311918462868
2019-08-08,0.020013453098237266
2019-08-09,-0.015212936898022044
2019-08-12,-0.01259668406009135
2019-08-13,0.009742721707259832
2019-08-14,-0.029233421774148928
2019-08-15,-0.004705230128373071
2019-08-16,0.023021421180405684
2019-08-19,0.012379910590613963
2019-08-20,-0.008902134687631904
2019-08-21,0.007152204120993095
2019-08-22,-7.96850035911681e-4
2019-08-23,-0.031103145378010264
2019-08-26,0.00852640320971973
2019-08-27,-0.012452697455288141
2019-08-28,0.014027206080185251
2019-08-29,0.017240383287654995
2019-08-30,0.001254043792928757
2019-09-03,-0.014596938250604428
2019-09-04,0.011421091583491078
2019-09-05,0.020162928946488197
2019-09-06,-0.002620933506382875
2019-09-09,0.023620365916349684
2019-09-10,0.0171387693195614
2019-09-11,0.019684669087731026
2019-09-12,-0.001299305538003844
2019-09-13,0.0035529085956572215
2019-09-16,0.005846935877480934
2019-09-17,-0.005283563787399128
2019-09-18,-0.006471278996996392
2019-09-19,-0.004953217653141185
2019-09-20,-0.0021085292824116124
2019-09-23,0.002054052290225744
2019-09-24,-0.01443397033227321
2019-09-25,0.012890830318144388
2019-09-26,-0.010684574164040917
2019-09-27,-0.003895558006564635
2019-09-30,0.0017338845220919775
2019-10-01,-0.019006565642134033
2019-10-02,-0.01140375116048817
2019-10-03,0.001103734998028944
2019-10-04,0.008030179782195683
2019-10-07,-0.002668082798524571
2019-10-08,-0.017634188614119514
2019-10-09,0.0023901446938684083
2019-10-10,0.004234810158197159
2019-10-11,0.01820835838147083
2019-10-14,-0.005501833715078229
2019-10-15,0.010177314279801158
2019-10-16,0.002220702749522249
2019-10-17,0.0095724146015888
2019-10-18,-0.002526971077781865
2019-10-21,0.011512325865592678
2019-10-22,0.00420895499248329
2019-10-23,8.947246704842605e-4
2019-10-24,-0.004167699068879427
2019-10-25,0.006164554989906572
2019-10-28,0.008132705588018926
2019-10-29,0.0028145251337745544
2019-10-30,-0.004629110248818147
2019-10-31,-0.007881402323640723
2019-11-01,0.018303145250415296
2019-11-04,0.011270642473202716
2019-11-05,0.003728035957562402
2019-11-06,-0.006418525132915508
2019-11-07,0.003308274540005056
2019-11-08,8.593479287944133e-4
2019-11-11,-0.004259210722651455
2019-11-12,0.0011153865727565931
2019-11-13,-0.004786360489186727
2019-11-14,-4.0652288906765905e-4
2019-11-15,0.0033149154981148995
2019-11-18,-0.005643668820173345
2019-11-19,5.287003380840168e-4
2019-11-20,-0.0051495520762518164
2019-11-21,-0.004500271789174426
2019-11-22,0.0028173770036918283
2019-11-25,0.018135503208666866
2019-11-26,-0.0019823639532375943
2019-11-27,0.004864996923332775
2019-11-29,-0.006148943495188457
2019-12-02,-0.009791353502785214
2019-12-03,-0.005289555823870464
2019-12-04,0.008430371745022517
2019-12-05,0.0017337324454446983
2019-12-06,0.014832545406175412
2019-12-09,-0.0016834621429897634
2019-12-10,6.151519559751752e-4
2019-12-11,0.002377828113899453
2019-12-12,0.012430800124320896
2019-12-13,-0.005777401267024119
2019-12-16,0.00738974757904485
2019-12-17,0.006234280178859193
2019-12-18,0.0033843589322330027
2019-12-19,0.0025775032015388877
2019-12-20,0.001897533725692873
2019-12-23,-4.8826149592886913e-4
2019-12-24,0.0028804546261598164
2019-12-26,-3.8691206801959386e-4
2019-12-27,-0.0052277769315187414
2019-12-30,-5.367199689721797e-4
2019-12-31,0.004186300900261422
2020-01-02,-0.0013661373853811666
2020-01-03,-0.0014198402572419603
2020-01-06,-1.2936587583606263e-4
2020-01-07,-0.004023212570873903
2020-01-08,0.0018183269723990923
2020-01-09,-0.0014200236164907056
2020-01-10,-0.005233013006753702
2020-01-13,0.008234881855010801
2020-01-14,0.003400579101260749
2020-01-15,0.001623194440466042
2020-01-16,0.01288622689789451
2020-01-17,-0.003634386291503892
2020-01-21,-0.00943711347442106
2020-01-22,-9.552121865358875e-4
2020-01-23,6.294679361210313e-4
2020-01-24,-0.01468630776939333
2020-01-27,-0.013444109843637279
2020-01-28,0.0055668970941133615
2020-01-29,-0.006958443076468721
2020-01-30,0.001012424795863601
2020-01-31,-0.022392673543655452
2020-02-03,0.00931546737035349
2020-02-04,0.010997125061889094
2020-02-05,0.019277226641766305
2020-02-06,-0.004963212812035178
2020-02-07,-0.015039556515457093
2020-02-10,0.0027978304119556925
2020-02-11,0.008312536705625696
2020-02-12,0.008772282797868588
2020-02-13,6.437356150603874e-4
2020-02-14,-0.003566305479833628
2020-02-18,-0.005874390195674017
2020-02-19,0.0031059032426455206
2020-02-20,0.002835870514414519
2020-02-21,-0.010839636691540156
2020-02-24,-0.031333231034580564
2020-02-25,-0.03455398715912133
2020-02-26,-0.015326199205880605
2020-02-27,-0.034540765306044434
2020-02-28,-0.013143352723579962
2020-03-02,0.026686196143392182
2020-03-03,-0.022880931343188034
2020-03-04,0.02573157692702171
2020-03-05,-0.03761952346458734
2020-03-06,-0.023607770685218618
2020-03-09,-0.11415020389780348
2020-03-10,0.03225659777725102
2020-03-11,-0.0634931800298325
2020-03-12,-0.11143469189532886
2020-03-13,0.08756678394931004
2020-03-16,-0.13525688467203922
2020-03-17,0.047366570280213245
2020-03-18,-0.12668551302153855
2020-03-19,0.09631098865714535
2020-03-20,-0.03443079993839124
2020-03-23,-0.021828791809499842
2020-03-24,0.10079007713143989
2020-03-25,0.02959495940902867
2020-03-26,0.06780311648339017
2020-03-27,-0.038270531130513964
2020-03-30,0.01142127978196928
2020-03-31,-5.492801823130509e-5
2020-04-01,-0.07172964556502236
2020-04-02,0.011564962145997733
2020-04-03,-0.0356985081051855
2020-04-06,0.0889261022523427
2020-04-07,0.013168793485060282
2020-04-08,0.049701773889956384
2020-04-09,0.05415350184335262
2020-04-13,-0.03170894401115604
2020-04-14,0.008448727315789816
2020-04-15,-0.05188899302438792
2020-04-16,-0.014351157362872782
2020-04-17,0.05147112413203598
2020-04-20,-0.02354035461217275
2020-04-21,-0.022264994363858273
2020-04-22,0.005788941867378259
2020-04-23,0.02238591644535722
2020-04-24,0.012302967237633109
2020-04-27,0.04767374825100628
2020-04-28,0.027438987163231784
2020-04-29,0.06213628926393077
2020-04-30,-0.03254133540225101
2020-05-01,-0.04312013315232371
2020-05-04,-0.003611334710131606
2020-05-05,-0.0046404275182431445
2020-05-06,-0.022333982471531174
2020-05-07,0.020468273669721735
2020-05-08,0.04893486808549578
2020-05-11,-0.022556581529677707
2020-05-12,-0.03830919058096057
2020-05-13,-0.041106717143299845
2020-05-14,0.008221994386967075
2020-05-15,0.011443782446719005
2020-05-18,0.08495340963285285
2020-05-19,-0.022611111070111455
2020-05-20,0.036428940681566505
2020-05-21,0.0031676086762401604
2020-05-22,0.0012270046736897321
2020-05-26,0.04704454670461728
2020-05-27,0.04292465149171806
2020-05-28,-0.028915414084064273
2020-05-29,-0.012816366481524339
2020-06-01,0.010201055697352284
2020-06-02,0.016534174084750875
2020-06-03,0.04095288226780827
2020-06-04,0.017056924128276172
2020-06-05,0.05371583163311792
2020-06-08,0.034814559670553503
2020-06-09,-0.025453107083462375
2020-06-10,-0.042093683902807794
2020-06-11,-0.08537998607352229
2020-06-12,0.030021263931818015
2020-06-15,0.017191012070746636
2020-06-16,0.02701156483977465
2020-06-17,-0.026360925229768906
2020-06-18,-0.0023390446779909743
2020-06-19,-0.012167746909929505
2020-06-22,0.004496980793934003
2020-06-23,0.0033178531369346853
2020-06-24,-0.04034454765864184
2020-06-25,0.015722008128941527
2020-06-26,-0.026410592760879203
2020-06-29,0.03945332717559353
2020-06-30,0.012498213994296901
2020-07-01,-0.018784281374842414
2020-07-02,0.003125179365889246
2020-07-06,0.011139718551405216
2020-07-07,-0.026304207758163282
2020-07-08,0.004300466664136568
2020-07-09,-0.025744419446475975
2020-07-10,0.026050458302921783
2020-07-13,-0.005677027760122267
2020-07-14,0.01357278336323585
2020-07-15,0.040063909607538625
2020-07-16,-0.005500779477132299
2020-07-17,-0.001972193566869043
2020-07-20,-0.012904060062629974
2020-07-21,0.02708703579087382
2020-07-22,7.1408118450208e-4
2020-07-23,0.006259521267246935
2020-07-24,-0.01346219308987581
2020-07-27,0.00513219155216669
2020-07-28,-0.005596808143344209
2020-07-29,0.024201680402042212
2020-07-30,-0.010378399396224583
2020-07-31,-0.010374199846452084
2020-08-03,0.011172320730820775
2020-08-04,0.010287068756535874
2020-08-05,0.018999084764529023
2020-08-06,-6.900380051371893e-4
2020-08-07,0.023364206842719646
2020-08-10,0.01956896602176182
2020-08-11,0.0028089559430180496
2020-08-12,0.0026512190817357907
2020-08-13,-0.009700582365605588
2020-08-14,0.0025659083929999334
2020-08-17,-8.675846176296687e-4
2020-08-18,-0.01693263208495818
2020-08-19,-0.0014403225980033582
2020-08-20,-0.007529535749936895
2020-08-21,-0.009235719616781095
2020-08-24,0.02127523656651602
2020-08-25,3.64354500660234e-4
2020-08-26,-0.011448044644998476
2020-08-27,0.007460453700684276
2020-08-28,0.00898995819362236
2020-08-31,-0.014971421758786121
2020-09-01,0.0075584716595676164
2020-09-02,0.008076077560016718
2020-09-03,-0.01747180218159712
2020-09-04,6.272224344444457e-4
2020-09-08,-0.02492714062658106
2020-09-09,0.004718205429546268
2020-09-10,-0.014189001020937812
2020-09-11,-0.004744442041795993
2020-09-14,0.022680437725941548
2020-09-15,-4.3374996245354274e-4
2020-09-16,0.010982357106398546
2020-09-17,-0.004068203106417972
2020-09-18,-0.007042650923214568
2020-09-21,-0.04159722361343077
2020-09-22,0.001513965933280223
2020-09-23,-0.029232948589480372
2020-09-24,0.0029092307699766246
2020-09-25,0.011827627595217922
2020-09-28,0.028399677350127786
2020-09-29,-0.007211856137404506
2020-09-30,-3.146260857134209e-4
2020-10-01,0.012203337151179989
2020-10-02,0.013369701953115282
2020-10-05,0.023341166600749648
2020-10-06,-0.004121320092431293
2020-10-07,0.01806771132060214
2020-10-08,0.015524750162907941
2020-10-09,7.487949684714427e-4
2020-10-12,0.00694358222729271
2020-10-13,-0.015801536693482846
2020-10-14,-0.006831525343207853
2020-10-15,0.012316096130784573
2020-10-16,-0.004485526029143435
2020-10-19,-0.011585387822114334
2020-10-20,0.008857879826727122
2020-10-21,-0.003209429250685075
2020-10-22,0.018283286781293994
2020-10-23,0.005027470659079764
2020-10-26,-0.02393893770524836
2020-10-27,-0.017586364202352885
2020-10-28,-0.030592452185035365
2020-10-29,0.015586887203131138
2020-10-30,-0.008287852541150421
2020-11-02,0.025083754446567606
2020-11-03,0.028539660530497096
2020-11-04,-0.016326299837499253
2020-11-05,0.028647494885588994
2020-11-06,-0.01090592524552727
2020-11-09,0.07726702172516628
2020-11-10,0.02583903197844697
2020-11-11,-0.007411051231164869
2020-11-12,-0.019393614310528436
2020-11-13,0.028648983774829506
2020-11-16,0.036370489005316
2020-11-17,0.003956371535906322
2020-11-18,-0.009724557935982857
2020-11-19,0.0050891627805211845
2020-11-20,0.5230812605856064
2020-11-23,0.02404569482694338
2020-11-24,0.028856130365482614
2020-11-25,-0.008754280572053911
2020-11-27,-0.0013108704205165756
2020-11-30,-0.02560693054579749
2020-12-01,0.013116101376581627
2020-12-02,0.007300902460142455
2020-12-03,0.008428502186468604
2020-12-04,0.030818184086456594
2020-12-07,-0.00304507536253478
2020-12-08,0.010708097292029664
2020-12-09,-0.0011377721664192766
2020-12-10,0.0056715799233838255
2020-12-11,-0.007567694294020938
2020-12-14,-0.006534672280593001
2020-12-15,0.024222530123988496
2020-12-16,-0.004287432986032646
2020-12-17,0.007998170354896429
2020-12-18,-0.007809942824321991
2020-12-21,-0.006443356799409095
2020-12-22,0.001968271374067518
2020-12-23,0.014533150401834814
2020-12-24,2.791681164046869e-4
2020-12-28,0.0039700929590439525
2020-12-29,-0.015795910092407398
2020-12-30,0.009605385406828912
2020-12-31,0.0016990681438541855
2021-01-04,-0.012402710216835028
2021-01-05,0.021640525415623554
2021-01-06,0.048708827373137205
2021-01-07,0.010907282781350912
2021-01-08,-0.009384386602169555
2021-01-11,0.002853281054299038
2021-01-12,0.01851465469444711
2021-01-13,-0.007714613598504477
2021-01-14,0.019057103973374543
2021-01-15,-0.012496235836729652
2021-01-19,0.009087015567148604
2021-01-20,0.00462491587543655
2021-01-21,-0.011727548329199455
2021-01-22,0.008980841136277975
2021-01-25,-0.0010049798883936493
2021-01-26,-0.005441101694726093
2021-01-27,-0.01829940317370018
2021-01-28,0.00389098688006695
2021-01-29,-0.02105638305513644
2021-02-01,0.02606545516609122
2021-02-02,0.013408640980914804
2021-02-03,0.005928610445984751
2021-02-04,0.019260037224807444
2021-02-05,0.009162059264766407
2021-02-08,0.02520936253495852
2021-02-09,0.004254492466980213
2021-02-10,5.147040985423303e-4
2021-02-11,0.0011759680746867352
2021-02-12,0.0022746061770027737
2021-02-16,0.0024845697623113224
2021-02-17,-0.0034923251434102382
2021-02-18,-0.016049859330747863
2021-02-19,0.01852937281738248
2021-02-22,0.009608869076133302
2021-02-23,-5.995368364342398e-4
2021-02-24,0.024189821610638505
2021-02-25,-0.027972002293957233
2021-02-26,-0.006555291607115878
2021-03-01,0.031194528606655763
2021-03-02,-0.014663035403100606
2021-03-03,0.004196548659519599
2021-03-04,-0.01801014485948215
2021-03-05,0.02525842901125634
2021-03-08,0.016844234113716845
2021-03-09,0.00634046935915676
2021-03-10,0.019156789585169594
2021-03-11,0.0165150604764437
2021-03-12,0.009547183950586333
2021-03-15,0.0013648632269316115
2021-03-16,-0.014717630491297705
2021-03-17,0.0071169931624378195
2021-03-18,-0.01932756064474127
2021-03-19,0.0033261003620567893
2021-03-22,-0.012608066396448037
2021-03-23,-0.03454275398167307
2021-03-24,-0.011595141555398846
2021-03-25,0.02141488813476536
2021-03-26,0.022191263070971207
2021-03-29,-0.025353052126164552
2021-03-30,0.013295268066402254
2021-03-31,0.0023805445711543986
2021-04-01,0.017065043811120437
2021-04-05,0.006503117217592091
2021-04-06,-0.002959305465090913
2021-04-07,-0.01029432931147404
2021-04-08,0.004467324626227646
2021-04-09,0.0018048607110629925
2021-04-12,-6.920487617875308e-5
2021-04-13,-0.007485693139551039
2021-04-14,0.009742909178377054
2021-04-15,0.0017409459683424568
2021-04-16,0.0031582416674805322
2021-04-19,-0.0107939724442291
2021-04-20,-0.021852399969503406
2021-04-21,0.020236514361521928
2021-04-22,-0.006541248651340909
2021-04-23,0.01844811010322686
2021-04-26,0.006561727872156723
2021-04-27,0.001834611850989717
2021-04-28,0.0038121428128428795
2021-04-29,1.7754683333622058e-4
2021-04-30,-0.012304278521021427
2021-05-03,0.014199262642795196
2021-05-04,-0.005726407058551581
2021-05-05,7.931195303021759e-4
2021-05-06,0.002068856047810108
2021-05-07,0.01264079911645531
2021-05-10,-0.018673979268299987
2021-05-11,-0.007809061312632007
2021-05-12,-0.02985576142719984
2021-05-13,0.018619000850700146
2021-05-14,0.022674892633963273
2021-05-17,0.0038517409658356725
2021-05-18,-0.009240667625986805
2021-05-19,-0.008349991655618358
2021-05-20,0.003740973302301705
2021-05-21,0.005540405046158621
2021-05-24,0.003242651782391352
2021-05-25,-0.015528760501890056
2021-05-26,0.017231412391206107
2021-05-27,0.01105125666881691
2021-05-28,-0.0014136509792396278
2021-06-01,0.015195420876235684
2021-06-02,-8.555251275955671e-4
2021-06-03,-0.0041918635519981855
2021-06-04,0.0017175789263423667
2021-06-07,0.00877164523079786
2021-06-08,0.013437511337446632
2021-06-09,-0.008288033055292292
2021-06-10,-0.007905860321786235
2021-06-11,0.007568592646532756
2021-06-14,-0.007289922988678983
2021-06-15,0.0016788934018303423
2021-06-16,-0.0013782125941259012
2021-06-17,-0.019467021025055063
2021-06-18,-0.02391677360123231
2021-06-21,0.02403696216248774
2021-06-22,3.8579313912248203e-4
2021-06-23,0.0010391531078786562
2021-06-24,0.013859327794703884
2021-06-25,1.8931836810249844e-4
2021-06-28,-0.013083731470788127
2021-06-29,-0.004710678377472982
2021-06-30,0.004300169655492148
2021-07-01,0.007217172863895984
2021-07-02,-0.010028200497896236
2021-07-06,-0.018599982515985335
2021-07-07,-0.006787565595691938
2021-07-08,-0.012315476752001933
2021-07-09,0.026394650966289165
2021-07-12,0.0035564878293751225
2021-07-13,-0.019163080386979028
2021-07-14,-0.009422768963429466
2021-07-15,-0.0020480302436759737
2021-07-16,-0.015271546333021642
2021-07-19,-0.02155076450923535
2021-07-20,0.027849792561877536
2021-07-21,0.018296565926487054
2021-07-22,-0.017400801514508697
2021-07-23,0.005275417271872628
2021-07-26,0.007646350115190825
2021-07-27,-0.00819200813118273
2021-07-28,0.011745945804085311
2021-07-29,0.01116635752997648
2021-07-30,-0.004735610564046143
2021-08-02,-0.006754820787614427
2021-08-03,0.006563640454932656
2021-08-04,-0.019126166901836158
2021-08-05,0.017225276681771772
2021-08-06,0.009961699831827663
2021-08-09,-0.005955249759257937
2021-08-10,0.010734106996817155
2021-08-11,0.008298793303660772
2021-08-12,-0.0052063385067225455
2021-08-13,-0.0058995305715245335
2021-08-16,-0.008384759413793434
2021-08-17,-0.012223158368511853
2021-08-18,-0.00903782679636496
2021-08-19,-0.01349637542770783
2021-08-20,0.016069077926290816
2021-08-23,0.015360512978868564
2021-08-24,0.009035242217072362
2021-08-25,0.003977511870583459
2021-08-26,-0.011607092950696818
2021-08-27,0.028163724093228152
2021-08-30,-0.008830214856864268
2021-08-31,0.0018466377045646479
2021-09-01,0.0033154447821456025
2021-09-02,0.005891737646345992
2021-09-03,-0.004457270010669302
2021-09-07,-0.006572152088837476
2021-09-08,-0.009613149173524384
2021-09-09,-0.00110705683688195
2021-09-10,-0.011187120663725052
2021-09-13,0.010175156229822416
2021-09-14,-0.013826561495702612
2021-09-15,0.011082302017459519
2021-09-16,-0.003703980991211555
2021-09-17,7.833073495224493e-4
2021-09-20,-0.019667274335172097
2021-09-21,-8.051787594442079e-5
2021-09-22,0.014432152887855074
2021-09-23,0.018436138799271008
2021-09-24,0.016583114035138312
2021-09-27,0.020490929600500075
2021-09-28,-0.013907021269046286
2021-09-29,0.0020452066358589826
2021-09-30,-0.012279534445156233
2021-10-01,0.01814994221957357
2021-10-04,-0.005240884167179798
2021-10-05,0.0017995727783338704
2021-10-06,-0.008345703416592963
2021-10-07,0.020179811778031034
2021-10-08,-0.004650257204672174
2021-10-11,-0.005275957242649472
2021-10-12,0.00540491618208132
2021-10-13,-3.0716821777603074e-4
2021-10-14,0.0130977458291592
2021-10-15,-0.0020016940847148407
2021-10-18,-2.4290080898344032e-4
2021-10-19,0.0015531946522978274
2021-10-20,0.009000798722952666
2021-10-21,0.001064579684372202
2021-10-22,-1.1586227868474383e-4
2021-10-25,0.008276082467552709
2021-10-26,-0.00886594030722746
2021-10-27,-0.01909652925686234
2021-10-28,0.018471287861826842
2021-10-29,-0.002139404833642544
2021-11-01,0.026253383017861894
2021-11-02,-0.002712214142954243
2021-11-03,0.019742451942759167
2021-11-04,-0.0059662680401075755
2021-11-05,0.01838441211857174
2021-11-08,0.0015134684910425966
2021-11-09,-0.0026159749625433147
2021-11-10,-0.009750298102363988
2021-11-11,0.006989295632016582
2021-11-12,-3.2898706949446524e-4
2021-11-15,-5.822717297421796e-4
2021-11-16,-2.3723240851307795e-4
2021-11-17,-0.010342464999305396
2021-11-18,-0.006221046465822504
2021-11-19,-0.009403538119612932
2021-11-22,0.0043219786200796185
2021-11-23,0.0032451431324234874
2021-11-24,-2.8619928439274454e-4
2021-11-26,-0.03545204056909086
2021-11-29,-0.003086328526475723
2021-11-30,-0.020358555783819923
2021-12-01,-0.01696674307004318
2021-12-02,0.02856335468656838
2021-12-03,-0.013062716830849471
2021-12-06,0.022978538932758006
2021-12-07,0.014762391688238962
2021-12-08,0.008124861680428913
2021-12-09,-0.015652972356446866
2021-12-10,-5.9200911009254656e-5
2021-12-13,-0.014785982374494694
2021-12-14,-0.006870077746891157
2021-12-15,0.011031900289706723
2021-12-16,-0.010409907433697628
2021-12-17,0.0018664140225676618
2021-12-20,-0.0181029342083809
2021-12-21,0.029488828533231697
2021-12-22,0.009870784103973544
2021-12-23,0.00866914258829688
2021-12-27,0.010852117804158182
2021-12-28,-0.0020183498484478537
2021-12-29,0.0011625183403445602
2021-12-30,-4.962969300013262e-4
2021-12-31,2.2687839548489857e-4
2022-01-03,0.013956309269963633
2022-01-04,0.007205175178856181
2022-01-05,-0.023158543209426428
2022-01-06,0.007354085431424328
2022-01-07,-0.005165410875507774
2022-01-10,-0.006363642763215322
2022-01-11,0.009250582676574878
2022-01-12,-0.004934252758467786
2022-01-13,7.152309003279276e-4
2022-01-14,0.002664377188462474
2022-01-18,-0.023058949504980032
2022-01-19,-0.016775849528001544
2022-01-20,-0.020472986046689082
2022-01-21,-0.01547697733934929
2022-01-24,0.019410040463681607
2022-01-25,-0.007619834412313798
2022-01-26,-0.012387446751731946
2022-01-27,-0.021704412465844716
2022-01-28,0.01463798944315104
2022-01-31,0.025194353832050265
2022-02-01,0.011574834852531315
2022-02-02,-0.006581166611911892
2022-02-03,-0.014773457312727107
2022-02-04,0.003273543800100519
2022-02-07,0.0027335462301590232
2022-02-08,0.014895230346961138
2022-02-09,0.012184445132571154
2022-02-10,-0.014779726459200792
2022-02-11,-0.005740251611608916
2022-02-14,-0.0036642706084930314
2022-02-15,0.02517088326502446
2022-02-16,0.0031935089585511615
2022-02-17,-0.019154152718997168
2022-02-18,-0.006871569494838065
2022-02-22,-0.013609107735971899
2022-02-23,-0.017352984429959816
2022-02-24,0.01596729386197334
2022-02-25,0.02237752612970183
2022-02-28,0.0013724863420697207
2022-03-01,-0.02229225578254716
2022-03-02,0.028685528171659987
2022-03-03,-0.0066947552132155365
2022-03-04,-0.014908173242912302
2022-03-07,-0.025010054762515648
2022-03-08,0.006658300658754453
2022-03-09,0.02401576707070554
2022-03-10,-3.480423166785416e-4
2022-03-11,-0.012645228429389326
2022-03-14,-0.01394720569929725
2022-03-15,0.011721521296246162
2022-03-16,0.027980097939520863
2022-03-17,0.01200401159047177
2022-03-18,0.004796592209710923
2022-03-21,-0.00649123211972825
2022-03-22,0.006582612102905341
2022-03-23,-0.018271209666984648
2022-03-24,0.008702811454437343
2022-03-25,0.006575086579870519
2022-03-28,-0.006342310850969671
2022-03-29,0.02522015384218718
2022-03-30,-0.01853759139331873
2022-03-31,-0.012067779571799823
2022-04-01,0.008225543785304403
2022-04-04,3.340800404706923e-5
2022-04-05,-0.022660870152019657
2022-04-06,-0.013098608790280717
2022-04-07,-0.005308127268759894
2022-04-08,-0.005088089782982414
2022-04-11,-0.004830065629531038
2022-04-12,0.003954612187599163
2022-04-13,0.017954164541035305
2022-04-14,-0.005939121558772111
2022-04-18,-0.003711363125753435
2022-04-19,0.022064064941716637
2022-04-20,0.005846458335648185
2022-04-21,-0.01787421442749416
2022-04-22,-0.024182825256983655
2022-04-25,0.004496024322968113
2022-04-26,-0.026700776973556262
2022-04-27,-0.004321610842181628
2022-04-28,0.02071429292911792
2022-04-29,-0.02796905540596968
2022-05-02,0.007677640617332012
2022-05-03,0.009966723849848858
2022-05-04,0.025133755427896077
2022-05-05,-0.03524126434246857
2022-05-06,-0.012829270886262808
2022-05-09,-0.030614190790320156
2022-05-10,-0.009733145413614806
2022-05-11,-0.018909745901002865
2022-05-12,0.010901861159973079
2022-05-13,0.02783043378116042
2022-05-16,-0.0031856286718289386
2022-05-17,0.032404953755717524
2022-05-18,-0.03298146502519794
2022-05-19,-0.003481250142201108
2022-05-20,-0.003399006334234757
2022-05-23,0.010163692746586767
2022-05-24,-0.013255352266006168
2022-05-25,0.020965944300271436
2022-05-26,0.021074422052331326
2022-05-27,0.02268726837105094
2022-05-31,-0.010113624760377797
2022-06-01,-0.003597479019246088
2022-06-02,0.02140597801391384
2022-06-03,-0.009569070183928512
2022-06-06,0.0064712366545578055
2022-06-07,0.01023632649838994
2022-06-08,-0.014732960144508755
2022-06-09,-0.020936206670879615
2022-06-10,-0.02776523144705932
2022-06-13,-0.04814997244302717
2022-06-14,-0.0015658494424049966
2022-06-15,0.013578577964451827
2022-06-16,-0.04771365815542399
2022-06-17,0.01121361145733604
2022-06-21,0.014863797640535902
2022-06-22,-0.004776409375797223
2022-06-23,0.005020462558252612
2022-06-24,0.03020356193806932
2022-06-27,0.004993389693774515
2022-06-28,-0.015153190632209249
2022-06-29,-0.012315580457801671
2022-06-30,-0.005529260582922402
2022-07-01,0.011674627543295804
2022-07-05,0.0017672187261318698
2022-07-06,-0.011185388463747295
2022-07-07,0.01980853952434515
2022-07-08,-6.910928925747634e-4
2022-07-11,-0.016242211370271403
2022-07-12,0.002660672332320973
2022-07-13,-0.002093348842900935
2022-07-14,-0.011358536340418309
2022-07-15,0.01993790660970357
2022-07-18,0.0010696839401030237
2022-07-19,0.03532872803953524
2022-07-20,0.014584826148693856
2022-07-21,2.912378177449998e-4
2022-07-22,-0.011344167276025491
2022-07-25,0.009227048300703549
2022-07-26,-0.006598759548669611
2022-07-27,0.02196755865848246
2022-07-28,0.011468692840993779
2022-07-29,0.008314020294715646
2022-08-01,-4.399808856385126e-4
2022-08-02,-0.007078282367728587
2022-08-03,0.009700081192663907
2022-08-04,-0.00205101946405954
2022-08-05,0.004563526420496783
2022-08-08,0.009020820830184519
2022-08-09,-0.013113305324750073
2022-08-10,0.02292044914869136
2022-08-11,0.00876373716346272
2022-08-12,0.018485828631015534
2022-08-15,0.0014893821464862051
2022-08-16,0.0033834265972791993
2022-08-17,-0.017141830051476667
2022-08-18,0.006586814851016096
2022-08-19,-0.0193966673421563
2022-08-22,-0.022843483833711806
2022-08-23,4.50230485392709e-4
2022-08-24,0.004293422255659199
2022-08-25,0.017376409425407663
2022-08-26,-0.03166300638886264
2022-08-29,-0.009601886179432497
2022-08-30,-0.014128328324110902
2022-08-31,-0.009474938593920896
2022-09-01,-0.013666145465213286
2022-09-02,-0.005509954677892272
2022-09-06,-0.010693766809532846
2022-09-07,0.018408865223128516
2022-09-08,0.0038925244750757306
2022-09-09,0.020901342171260853
2022-09-12,0.013055778221564894
2022-09-13,-0.040290277668578005
2022-09-14,-0.0011603582239692158
2022-09-15,-0.005274617602182419
2022-09-16,-0.009643292823717542
2022-09-19,0.010338359903021444
2022-09-20,13.769815999331474
2022-09-21,-0.013571603156270002
2022-09-22,-0.020853693856679217
2022-09-23,-0.02520331644324831
2022-09-26,-0.01883667474146312
2022-09-27,-0.0019514961633561303
2022-09-28,0.02864568268759802
2022-09-29,-0.025196908804161738
2022-09-30,-0.007428924613611614
2022-10-03,0.02814482409834496
2022-10-04,0.04135862233661219
2022-10-05,-0.009469607212774457
2022-10-06,-0.006728056812833982
2022-10-07,-0.026867643299830154
2022-10-10,-0.004596915327470733
2022-10-11,-3.7976751028267265e-4
2022-10-12,-0.004923144667513533
2022-10-13,0.02314350786396275
2022-10-14,-0.02364643956799942
2022-10-17,0.03106162538211724
2022-10-18,0.011086773813188674
2022-10-19,-0.01565545891169916
2022-10-20,-0.01171205883054582
2022-10-21,0.023701914738121322
2022-10-24,0.005075036656053968
2022-10-25,0.028058349733332297
2022-10-26,0.003531107412850253
2022-10-27,-1.1778433181692722e-4
2022-10-28,0.023253266614182807
2022-10-31,4.938490814780034e-4
2022-11-01,0.011964290886623413
2022-11-02,-0.03300949636487863
2022-11-03,-0.005503409994058348
2022-11-04,0.017844905534609427
2022-11-07,0.009092698169479985
2022-11-08,3.949487713918003e-4
2022-11-09,-0.02395933872723551
2022-11-10,0.06481601703536544
2022-11-11,0.011507730535954669
2022-11-14,-0.013875654356102315
2022-11-15,0.015578333763618547
2022-11-16,-0.02064061048957969
2022-11-17,-0.005488926306242515
2022-11-18,0.004986898398270354
2022-11-21,-0.004127914564388931
2022-11-22,0.0111008550768265
2022-11-23,0.001028790034845383
2022-11-25,0.0029344318026064977
2022-11-28,-0.0209052519896964
2022-11-29,0.006287237312860146
2022-11-30,0.025963834851368457
2022-12-01,-0.001791201960746623
2022-12-02,0.00458982351025993
2022-12-05,-0.02671034167663925
2022-12-06,-0.011547322971857711
2022-12-07,-0.0045036018581760635
2022-12-08,0.0039881145459494385
2022-12-09,-0.01000400716287573
2022-12-12,0.00897908135669239
2022-12-13,0.004597585526066288
2022-12-14,-0.008633076540523898
2022-12-15,-0.02444500950009751
2022-12-16,-0.008873370998368628
2022-12-19,-0.011364802869945496
2022-12-20,0.0046069374693390895
2022-12-21,0.014692141819500496
2022-12-22,-0.012880890923969419
2022-12-23,0.006266825521832144
2022-12-27,-0.002551921497115505
2022-12-28,-0.017198834462099626
2022-12-29,0.024841362837275442
2022-12-30,-0.0030101242441704294
